model,period,weighting,rank_ic,r2,mean_spread,spread_hac_t,alpha,alpha_hac_t,annual_sharpe,mean_net_10bps,months,test_rows,turnover
RAW_seed42,primary,EW,0.0731816568006116,0.006653391431738154,0.017718782571704717,3.1090569579959246,0.010661600304086295,3.9557270464868544,1.643224977039638,0.0157771901700627,23,104573,1.941592401642015
RAW_seed42,primary,VW,0.0731816568006116,0.006653391431738154,0.009869598554897536,1.7909714538272954,0.0056170883002620835,0.9114276773184524,0.8411188299550563,0.007599772786989038,23,104573,2.2698257679085008
RAW_seed42,extended,EW,0.07612390844071389,0.0055093363166681675,0.01850755873589812,4.016120266243135,0.011372087885559112,3.5151983458116765,1.8345313435000943,0.016567063372374936,28,128160,1.9404953635231745
RAW_seed42,extended,VW,0.07612390844071389,0.0055093363166681675,0.013264585177086731,2.0632369038291194,0.009291721508516489,1.3267723897654287,1.1434016623664378,0.011016758328532257,28,128160,2.247826848554474
RAW_seed43,primary,EW,0.07147499589012915,0.006084795627949946,0.016755557168149134,2.16231172979594,0.010529590409432178,2.603251777241707,1.5464129364232773,0.014919426324038317,23,104573,1.836130844110814
RAW_seed43,primary,VW,0.07147499589012915,0.006084795627949946,0.01580653315923379,1.613057209995892,0.008833448170266121,1.381800046411925,1.0832769172158634,0.013602684580214438,23,104573,2.2038485790193514
RAW_seed43,extended,EW,0.07841965372699501,0.00527220207906165,0.01933601908900536,2.9563187022705835,0.013052462351829108,2.604288691919979,1.8539286457482833,0.017499117521364852,28,128160,1.8369015676405065
RAW_seed43,extended,VW,0.07841965372699501,0.00527220207906165,0.015564436614228537,1.8682895047786958,0.010191743990474426,1.6498794863432813,1.103159233632494,0.013424766460499529,28,128160,2.1396701537290084
RAW_seed44,primary,EW,0.07615873210851591,0.007103211691428357,0.021288025985363716,3.65050419689028,0.015921230906573658,4.112501192179554,2.1321819684197463,0.019207350741803277,23,104573,2.080675243560439
RAW_seed44,primary,VW,0.07615873210851591,0.007103211691428357,0.018055933251124392,2.882921112047417,0.0142584738397662,2.3859392586989,1.5513819468185794,0.015697743308124356,23,104573,2.358189943000038
RAW_seed44,extended,EW,0.07989682336627701,0.005904184796948209,0.02310109378927257,4.402083187469539,0.01754477000642212,4.071865404750457,2.3874973128677435,0.021009222337456817,28,128160,2.0918714518157486
RAW_seed44,extended,VW,0.07989682336627701,0.005904184796948209,0.02161307155830048,3.2634119862496593,0.01873306414969035,2.587982222068676,1.8606666193418862,0.01925692092347179,28,128160,2.356150634828687
RAW_ensemble,primary,EW,0.07854482086044837,0.006905395940806414,0.018612353973491196,2.5456370898279053,0.011465250359419421,2.9778495027156433,1.620447024043144,0.016702214642855994,23,104573,1.9101393306352061
RAW_ensemble,primary,VW,0.07854482086044837,0.006905395940806414,0.016236255234480655,1.7846880346850027,0.008391217326496711,1.2558356332849347,1.0846127415550342,0.013936743735628589,23,104573,2.299511498852067
RAW_ensemble,extended,EW,0.0836459851382771,0.005857656178563042,0.020930214256381065,3.407685371290417,0.013653433652162848,2.8364471467557806,1.90449849065985,0.019011763672772512,28,128160,1.918450583608556
RAW_ensemble,extended,VW,0.0836459851382771,0.005857656178563042,0.01782038903348092,2.343638900038868,0.011390073506731194,1.559571685934535,1.2439682669506202,0.015530575195635336,28,128160,2.289813837845584
EMB32_seed42,primary,EW,0.08682870524306929,0.006460442936133681,0.021062620402377597,3.0809431388723625,0.011409226518924925,3.570867031497057,1.605582645853445,0.019124227981200198,23,104573,1.938392421177395
EMB32_seed42,primary,VW,0.08682870524306929,0.006460442936133681,0.014597952852177923,2.3870336709189455,0.004415402326788661,0.7314853368757736,1.0054528658298676,0.012226766366661123,23,104573,2.371186485516799
EMB32_seed42,extended,EW,0.09194535482480508,0.005646670906616635,0.021812483564024467,3.9443630112637944,0.011516984086882925,3.980915409498384,1.71242052896637,0.01986310616487188,28,128160,1.9493773991525885
EMB32_seed42,extended,VW,0.09194535482480508,0.005646670906616635,0.017241324722221934,3.017813718192428,0.005915740830412873,1.0481434345156848,1.2242831623419048,0.01488525200431495,28,128160,2.356072717906991
EMB32_seed43,primary,EW,0.05415933478683641,0.004548215476287476,0.010399599369248107,0.8761086262572031,0.002575136055919542,0.5633871886363325,0.6484460839975471,0.008262259725559992,23,104573,2.1373396436881142
EMB32_seed43,primary,VW,0.05415933478683641,0.004548215476287476,0.008559287804912049,0.4733792812117642,-0.00041520873521530555,-0.07870845056795273,0.37267862990702183,0.006516755479448228,23,104573,2.04253232546382
EMB32_seed43,extended,EW,0.058692266202748214,0.003599656489173708,0.01004828493151379,1.0649143365398337,0.002657938219166608,0.6560718160805005,0.6476542959299767,0.007933984270845766,28,128160,2.1143006606680257
EMB32_seed43,extended,VW,0.058692266202748214,0.003599656489173708,0.008002647397000738,0.5602734260389486,-0.0011100916416616853,-0.22952884413180727,0.3561343951119321,0.005978328820082296,28,128160,2.0243185769184433
EMB32_seed44,primary,EW,0.0814696557193731,0.005843136530705673,0.016565102996796255,2.0809808351132384,0.00896821295361395,2.742580807347706,1.3723799885012415,0.014490791662994162,23,104573,2.074311333802089
EMB32_seed44,primary,VW,0.0814696557193731,0.005843136530705673,0.016765651568258943,1.793978721125959,0.008881383971804479,1.4425308690565146,1.1408769950100792,0.014353241461708011,23,104573,2.412410106550932
EMB32_seed44,extended,EW,0.08677155861294458,0.004888739344558579,0.0188405813355276,2.7910663868262087,0.010526703609604796,2.6367530098120966,1.5666755834603259,0.01674378431819584,28,128160,2.0967970173317587
EMB32_seed44,extended,VW,0.08677155861294458,0.004888739344558579,0.018708016076351905,2.335796360334867,0.01096189140691079,1.6657188643391636,1.3147383003109505,0.016326554334319045,28,128160,2.381461742032865
EMB32_ensemble,primary,EW,0.0853737662965206,0.005799655594645459,0.01853799900649982,2.183869318342506,0.008668090154957571,2.916624779200911,1.2951636632435752,0.01635866337512026,23,104573,2.179335631379564
EMB32_ensemble,primary,VW,0.0853737662965206,0.005799655594645459,0.016715067909002537,1.4707342628633742,0.005318678505256816,0.8092183068282948,0.9105325460134291,0.014061883549518619,23,104573,2.653184359483921
EMB32_ensemble,extended,EW,0.09249572951192772,0.00489941413623296,0.019841712210037256,2.9403415834276787,0.00963542140709143,3.0190888922809638,1.4307588920606689,0.017648655404626762,28,128160,2.1930568054104973
EMB32_ensemble,extended,VW,0.09249572951192772,0.00489941413623296,0.019729206956151026,2.129936103435475,0.008608931554674754,1.1937696200572705,1.1069811931030207,0.017081754584102386,28,128160,2.6474523720486416
