month,weighting,p1,p10,spread,target_weight_turnover,net_10bps,stocks,model
2023-01,EW,0.03608108391608391,0.09710086247086246,0.061019778554778546,2.000000000000018,0.05901977855477853,4294,RAW_seed42
2023-01,VW,0.05358905895893155,0.07477704639911435,0.021187987440182805,2.000000000000001,0.019187987440182804,4294,RAW_seed42
2023-02,EW,0.009614946759259259,0.04582597685185185,0.03621103009259259,1.9212962962963043,0.03428973379629629,4321,RAW_seed42
2023-02,VW,-0.011992886486463619,0.047495715622851264,0.059488602109314885,2.3600266268366763,0.05712857548247821,4321,RAW_seed42
2023-03,EW,0.007314121559633028,-0.020542449541284407,-0.027856571100917434,1.9724770642201657,-0.029829048165137602,4366,RAW_seed42
2023-03,VW,0.019217745399008685,-0.01696605578191347,-0.036183801180922154,2.6876851894509324,-0.03887148637037308,4366,RAW_seed42
2023-04,EW,-0.03487249545454546,-0.029094615909090904,0.005777879545454556,1.9999999999999791,0.003777879545454577,4407,RAW_seed42
2023-04,VW,0.08142523126925792,-0.01278718574909399,-0.09421241701835191,2.4326427691099064,-0.09664505978746182,4407,RAW_seed42
2023-05,EW,-0.017261122448979593,0.040618734693877556,0.05787985714285715,2.4535147392289987,0.05542634240362815,4413,RAW_seed42
2023-05,VW,-0.0406132451625244,0.017099282635659407,0.05771252779818381,2.495813190160512,0.0552167146080233,4413,RAW_seed42
2023-06,EW,0.020308225733634305,0.039377828442437916,0.01906960270880361,1.950338600451435,0.017119264108352177,4436,RAW_seed42
2023-06,VW,0.018896636591129428,0.041601950784869654,0.022705314193740226,2.405004595548773,0.020300309598191454,4436,RAW_seed42
2023-07,EW,-0.0393173355704698,-0.027765742729306493,0.011551592841163305,1.9731543624160974,0.009578438478747207,4473,RAW_seed42
2023-07,VW,0.003943036340952709,-0.05103144762675297,-0.05497448396770568,2.231841094005516,-0.057206325061711194,4473,RAW_seed42
2023-08,EW,-0.04853722421524663,-0.027741854260089682,0.020795369955156948,1.8612975391498894,0.01893407241600706,4467,RAW_seed42
2023-08,VW,-0.0782837645729245,-0.03238617535321211,0.0458975892197124,2.074669246599668,0.04382291997311273,4467,RAW_seed42
2023-09,EW,-0.0208369375,0.007439319196428571,0.02827625669642857,1.9285714285713866,0.026347685267857184,4481,RAW_seed42
2023-09,VW,-0.019642037172641777,-0.0019770869081935146,0.01766495026444826,2.07849706435429,0.015586453200093971,4481,RAW_seed42
2023-10,EW,-0.01407181111111111,-0.0001598866666666665,0.013911924444444444,1.888888888888875,0.012023035555555568,4506,RAW_seed42
2023-10,VW,-0.022013074338720448,-0.022426965950333794,-0.00041389161161334634,2.0638417597679326,-0.002477733371381279,4506,RAW_seed42
2023-11,EW,0.020309214128035318,0.06014637969094922,0.039837165562913904,1.938189845474577,0.037898975717439325,4534,RAW_seed42
2023-11,VW,-0.0063417378165162245,0.04145159596356214,0.04779333378007836,2.141550053837887,0.04565178372624048,4534,RAW_seed42
2023-12,EW,-0.019725140659340657,-0.010875545054945058,0.0088495956043956,2.017582417582424,0.006832013186813176,4558,RAW_seed42
2023-12,VW,-0.012738875018871061,-0.02218996415242302,-0.00945108913355196,2.2473323448846383,-0.0116984214784366,4558,RAW_seed42
2024-01,EW,-0.23079393464052292,-0.19710566448801742,0.0336882701525055,1.7734204793028294,0.03191484967320267,4591,RAW_seed42
2024-01,VW,-0.1638522881682031,-0.1729163800430924,-0.009064091874889296,2.1610321279647033,-0.011225124002854,4591,RAW_seed42
2024-02,EW,0.06111203030303031,0.01866614502164502,-0.042445885281385286,2.2294372294372367,-0.04467532251082252,4621,RAW_seed42
2024-02,VW,0.07041941652165784,0.06826347065888617,-0.002155945862771666,2.8920447176454678,-0.005047990580417133,4621,RAW_seed42
2024-03,EW,0.019623775862068964,0.08161010991379311,0.06198633405172414,1.9181034482759078,0.060068230603448236,4648,RAW_seed42
2024-03,VW,-0.0012368491502945554,0.0633431731785819,0.06458002232887645,2.578100858609755,0.0620019214702667,4648,RAW_seed42
2024-04,EW,-0.0470025321888412,0.007580341201716738,0.05458287339055794,1.6351931330471896,0.052947680257510746,4663,RAW_seed42
2024-04,VW,-0.0029815784868389202,0.008287129297600584,0.011268707784439504,1.935904154277959,0.009332803630161545,4663,RAW_seed42
2024-05,EW,-0.020791449462365594,-0.00887672688172043,0.011914722580645163,2.180257510729636,0.009734465069915526,4659,RAW_seed42
2024-05,VW,-0.01915434852851434,-0.02596790210909694,-0.006813553580582599,2.4789063959656437,-0.009292459976548243,4659,RAW_seed42
2024-06,EW,-0.09308124034334764,-0.07175315450643775,0.021328085836909885,1.9613733905579664,0.01936671244635192,4667,RAW_seed42
2024-06,VW,-0.06685943676754498,-0.04845812868633256,0.018401308081212417,2.4519166537078627,0.015949391427504553,4667,RAW_seed42
2024-07,EW,-0.008513705128205129,-0.0016559636752136754,0.006857741452991453,1.8076923076922884,0.005050049145299164,4682,RAW_seed42
2024-07,VW,0.011694016625134558,-0.002091692929402328,-0.013785709554536887,2.349571881640178,-0.016135281436177065,4682,RAW_seed42
2024-08,EW,-0.0667248952991453,-0.028692897435897438,0.03803199786324786,1.87606837606837,0.03615592948717949,4689,RAW_seed42
2024-08,VW,-0.03936402246270765,-0.03503707435824121,0.00432694810446644,1.8810075707823393,0.0024459405336841,4689,RAW_seed42
2024-09,EW,0.24319851812366738,0.19699073347547974,-0.046207784648187644,1.7910447761194153,-0.04799882942430706,4693,RAW_seed42
2024-09,VW,0.17768430223818463,0.19256181067834874,0.014877508440164111,1.961972198069586,0.012915536242094525,4693,RAW_seed42
2024-10,EW,0.14492966808510635,0.06659134468085105,-0.0783383234042553,1.7446808510638547,-0.08008300425531915,4700,RAW_seed42
2024-10,VW,0.06017835685327534,0.04310017409136368,-0.017078182761911663,2.0727320094359865,-0.01915091477134765,4700,RAW_seed42
2024-11,EW,-0.017897421276595746,0.05291306382978723,0.07081048510638298,1.8340425531915003,0.06897644255319148,4704,RAW_seed42
2024-11,VW,-0.06566097730179551,0.019568156462865326,0.08522913376466085,2.2239001592392897,0.08300523360542156,4704,RAW_seed42
2024-12,EW,-0.0799965510638298,-0.023870202127659574,0.05612634893617023,1.8936170212766072,0.054232731914893625,4706,RAW_seed42
2024-12,VW,-0.05201001474627591,-0.010730821387989899,0.04127919335828601,2.184468685695049,0.03909472467259096,4706,RAW_seed42
2025-01,EW,-0.01242688747346072,-0.000504369426751593,0.011922518046709126,1.9278131634819677,0.009994704883227158,4711,RAW_seed42
2025-01,VW,-0.03763990426575451,-0.005098669315556647,0.03254123495019787,2.3943184938146653,0.0301469164563832,4711,RAW_seed42
2025-02,EW,0.07896669639065816,0.09088108704883227,0.01191439065817411,1.889596602972399,0.010024794055201711,4717,RAW_seed42
2025-02,VW,0.013387465508740358,0.09596970636196292,0.08258224085322256,1.87772810612899,0.08070451274709357,4717,RAW_seed42
2025-03,EW,-0.026359466101694914,0.008282970338983052,0.034642436440677965,2.021186440677968,0.03262125,4723,RAW_seed42
2025-03,VW,-0.005577112658842561,0.00041912406628772297,0.005996236725130283,2.3346740109513346,0.0036615627141789488,4723,RAW_seed42
2025-04,EW,-0.018233023255813947,-0.022159071881606766,-0.003926048625792818,1.9450317124736172,-0.005871080338266436,4730,RAW_seed42
2025-04,VW,-0.011058967915899403,-0.029050255606950993,-0.017991287691051593,1.9419698010397324,-0.019933257492091325,4730,RAW_seed42
2023-01,EW,0.04041554778554778,0.1010499090909091,0.060634361305361324,2.000000000000018,0.05863436130536131,4294,RAW_seed43
2023-01,VW,0.04439892758025807,0.07808495081516627,0.0336860232349082,2.000000000000003,0.0316860232349082,4294,RAW_seed43
2023-02,EW,0.0034243425925925934,0.05197648148148148,0.04855213888888889,1.921296296296304,0.046630842592592585,4321,RAW_seed43
2023-02,VW,-0.019682157896028833,0.03739940404342158,0.057081561939450416,2.6666099885441192,0.054414951950906294,4321,RAW_seed43
2023-03,EW,-0.015330025229357799,-0.0004535940366972473,0.014876431192660551,1.816513761467875,0.013059917431192676,4366,RAW_seed43
2023-03,VW,-0.012423536729839719,0.010533402459108757,0.022956939188948478,2.4024559055129067,0.020554483283435572,4366,RAW_seed43
2023-04,EW,-0.035366861363636364,-0.02170131818181818,0.013665543181818184,1.7727272727272574,0.011892815909090927,4407,RAW_seed43
2023-04,VW,0.004041518464176765,-0.012115127185064148,-0.016156645649240912,2.29978285742938,-0.018456428506670293,4407,RAW_seed43
2023-05,EW,-0.003595981859410428,0.03914876870748298,0.04274475056689341,2.2585034013605196,0.040486247165532896,4413,RAW_seed43
2023-05,VW,-0.010526606629175483,-0.015428645459465245,-0.0049020388302897615,2.331793303355389,-0.0072338321336451504,4413,RAW_seed43
2023-06,EW,0.030710006772009024,0.029325945823927762,-0.0013840609480812623,1.8013544018058387,-0.003185415349887101,4436,RAW_seed43
2023-06,VW,0.006845377248814735,0.029655448800966665,0.02281007155215193,2.214505370893381,0.02059556618125855,4436,RAW_seed43
2023-07,EW,-0.02068564653243847,-0.03939553467561522,-0.01870988814317675,1.794183445190149,-0.0205040715883669,4473,RAW_seed43
2023-07,VW,-0.021077218223561737,-0.05720679806732053,-0.036129579843758794,1.9747885927135025,-0.038104368436472295,4473,RAW_seed43
2023-08,EW,-0.058516737668161435,-0.02165507174887892,0.03686166591928251,1.6912751677852382,0.03517039075149728,4467,RAW_seed43
2023-08,VW,-0.07284865458296139,-0.036778092990603604,0.03607056159235778,2.1812942365179198,0.033889267355839865,4467,RAW_seed43
2023-09,EW,-0.01965568526785714,0.0018801316964285712,0.02153581696428571,1.7946428571428203,0.01974117410714289,4481,RAW_seed43
2023-09,VW,-0.012606959419166381,-0.0025431710533728,0.010063788365793582,1.7753329697277054,0.008288455396065876,4481,RAW_seed43
2023-10,EW,-0.010762535555555551,-0.021475704444444445,-0.010713168888888893,1.8355555555555423,-0.012548724444444435,4506,RAW_seed43
2023-10,VW,-0.005077630780784832,-0.05995465904632795,-0.05487702826554312,2.1122717733207534,-0.05698930003886387,4506,RAW_seed43
2023-11,EW,0.029462960264900664,0.051323600441501104,0.02186064017660044,1.9646799116997422,0.019895960264900696,4534,RAW_seed43
2023-11,VW,0.007724336993897234,0.020220309027294922,0.012495972033397688,2.4204820038827912,0.010075490029514897,4534,RAW_seed43
2023-12,EW,-0.027687285714285706,-0.014555164835164839,0.013132120879120867,2.000000000000009,0.011132120879120858,4558,RAW_seed43
2023-12,VW,-0.0373219387902049,-0.017716258367846106,0.019605680422358794,2.2714189918990466,0.017334261430459748,4558,RAW_seed43
2024-01,EW,-0.24005940958605665,-0.20452789542483663,0.035531514161220024,1.677559912854029,0.03385395424836599,4591,RAW_seed43
2024-01,VW,-0.2085282249283765,-0.16685695078775775,0.04167127414061875,2.070975354941595,0.039600298785677154,4591,RAW_seed43
2024-02,EW,0.047397025974025966,0.04492429870129871,-0.0024727272727272584,1.9913419913420054,-0.004464069264069264,4621,RAW_seed43
2024-02,VW,0.07464535121098033,0.11677103778117741,0.04212568657019708,2.3600704754261237,0.03976561609477096,4621,RAW_seed43
2024-03,EW,0.018957872844827587,0.0848386724137931,0.06588079956896552,1.5603448275862428,0.06432045474137928,4648,RAW_seed43
2024-03,VW,-0.007678485768501695,0.04565882643344338,0.05333731220194507,2.2626731574528574,0.051074639044492214,4648,RAW_seed43
2024-04,EW,-0.05582292274678112,0.009680150214592276,0.0655030729613734,1.579399141630882,0.06392367381974251,4663,RAW_seed43
2024-04,VW,-0.04666219000576569,0.025626478432570862,0.07228866843833656,2.1809483438684136,0.07010772009446815,4663,RAW_seed43
2024-05,EW,-0.018068440860215054,-0.012393178494623656,0.005675262365591398,2.128755364806891,0.003546507000784507,4659,RAW_seed43
2024-05,VW,-0.024142499405142487,-0.005186010239115671,0.018956489166026817,2.8771463393016794,0.016079342826725136,4659,RAW_seed43
2024-06,EW,-0.08342373175965666,-0.05234243562231759,0.031081296137339065,1.8412017167382269,0.029240094420600837,4667,RAW_seed43
2024-06,VW,-0.09249090406896658,-0.010271107327479866,0.08221979674148672,2.1403597198353896,0.08007943702165132,4667,RAW_seed43
2024-07,EW,-0.021661294871794873,-0.031773014957264964,-0.01011172008547009,1.5982905982905846,-0.011710010683760675,4682,RAW_seed43
2024-07,VW,-0.011679548436000848,-0.046776509861858794,-0.03509696142585794,1.7409300136182275,-0.03683789143947617,4682,RAW_seed43
2024-08,EW,-0.06313910042735044,-0.03855992307692308,0.024579177350427354,1.9444444444444382,0.022634732905982915,4689,RAW_seed43
2024-08,VW,-0.07716551876240134,-0.03988753095309169,0.037277987809309646,2.4706614412290286,0.034807326368080614,4689,RAW_seed43
2024-09,EW,0.23986118976545842,0.19499182515991467,-0.04486936460554375,1.7014925373134442,-0.04657085714285719,4693,RAW_seed43
2024-09,VW,0.22949817250827864,0.2024015871772715,-0.027096585331007145,1.9499290527777384,-0.029046514383784885,4693,RAW_seed43
2024-10,EW,0.13912574255319146,0.04672391914893617,-0.09240182340425529,1.8127659574468316,-0.09421458936170213,4700,RAW_seed43
2024-10,VW,0.128201837672386,-0.001699692168875964,-0.12990152984126196,1.9879712489565746,-0.13188950109021855,4700,RAW_seed43
2024-11,EW,-0.015555885106382977,0.048370091489361694,0.06392597659574467,1.7446808510638383,0.062181295744680835,4704,RAW_seed43
2024-11,VW,-0.0788931259097768,0.026169692542272475,0.10506281845204928,1.9961161762405597,0.10306670227580872,4704,RAW_seed43
2024-12,EW,-0.08550826595744682,-0.01846365106382979,0.06704461489361703,1.7829787234042647,0.06526163617021277,4706,RAW_seed43
2024-12,VW,-0.09607068353162825,-0.002530289165993364,0.09354039436563488,1.798381831335955,0.09174201253429892,4706,RAW_seed43
2025-01,EW,-0.01915865817409767,0.0012101231422505312,0.0203687813163482,1.7876857749469344,0.018581095541401266,4711,RAW_seed43
2025-01,VW,-0.00877847351220219,-0.015037219755063443,-0.006258746242861253,1.7789733309479905,-0.008037719573809244,4711,RAW_seed43
2025-02,EW,0.07130449893842887,0.10178664118895968,0.030482142250530808,1.8938428874734605,0.02858829936305735,4717,RAW_seed43
2025-02,VW,0.05757333899758187,0.06903525752955682,0.011461918531974945,1.7340247660540318,0.009727893765920913,4717,RAW_seed43
2025-03,EW,-0.039183559322033906,0.009008131355932203,0.04819169067796611,1.9449152542372883,0.04624677542372882,4723,RAW_seed43
2025-03,VW,-0.014059464758325063,-0.03248872555450005,-0.01842926079617499,2.4601878903376093,-0.020889448686512598,4723,RAW_seed43
2025-04,EW,-0.017585765327695554,-0.027642274841437647,-0.010056509513742092,1.7928118393235069,-0.011849321353065599,4730,RAW_seed43
2025-04,VW,-0.020579615959570505,-0.028639959282122256,-0.00806034332255175,1.450679168291562,-0.009511022490843313,4730,RAW_seed43
2023-01,EW,0.023043526806526812,0.11291995804195805,0.08987643123543124,2.000000000000018,0.08787643123543122,4294,RAW_seed44
2023-01,VW,0.053584717081010966,0.09973265576965665,0.04614793868864568,2.0000000000000004,0.04414793868864568,4294,RAW_seed44
2023-02,EW,0.01050710185185185,0.05671903472222222,0.04621193287037037,2.15277777777779,0.04405915509259258,4321,RAW_seed44
2023-02,VW,-0.012038228087366806,0.045904903015976446,0.05794313110334325,2.8892376108942237,0.055053893492449026,4321,RAW_seed44
2023-03,EW,-0.005706282110091743,0.010239410550458716,0.01594569266055046,2.032110091743106,0.013913582568807353,4366,RAW_seed44
2023-03,VW,0.006913865371159664,0.015751859450325742,0.008837994079166078,2.219582437195323,0.0066184116419707555,4366,RAW_seed44
2023-04,EW,-0.029412529545454535,-0.027309374999999997,0.0021031545454545386,1.963636363636343,0.00013951818181819542,4407,RAW_seed44
2023-04,VW,2.6993744324125295e-05,-0.009146750065675738,-0.009173743809999864,2.303624026760774,-0.011477367836760639,4407,RAW_seed44
2023-05,EW,-0.027131315192743765,0.035804251700680266,0.06293556689342403,2.625850340136028,0.060309716553288,4413,RAW_seed44
2023-05,VW,-0.05331520230445311,0.011444770727798703,0.06475997303225181,2.9133518194124917,0.06184662121283932,4413,RAW_seed44
2023-06,EW,0.038944397291196385,0.026193347629796835,-0.01275104966139955,2.144469525959341,-0.014895519187358892,4436,RAW_seed44
2023-06,VW,0.03848833974338837,0.01967550164602012,-0.018812838097368247,2.38080364956745,-0.021193641746935696,4436,RAW_seed44
2023-07,EW,-0.025786823266219235,-0.02424185682326622,0.0015449664429530129,2.0402684563758298,-0.0004953020134228171,4473,RAW_seed44
2023-07,VW,-0.01076017077761721,-0.005075065763621294,0.005685105013995916,2.2095789340212275,0.0034755260799746884,4473,RAW_seed44
2023-08,EW,-0.050827031390134524,-0.02147310538116592,0.029353926008968603,1.8881431767337833,0.02746578283223482,4467,RAW_seed44
2023-08,VW,-0.07632046936145302,-0.040375930316341464,0.03594453904511156,1.8869213806959892,0.03405761766441557,4467,RAW_seed44
2023-09,EW,-0.018117870535714287,0.008363647321428571,0.02648151785714286,1.946428571428531,0.02453508928571433,4481,RAW_seed44
2023-09,VW,0.009731684090171224,0.012705088343500032,0.0029734042533288083,1.9764782358203632,0.0009969260175084452,4481,RAW_seed44
2023-10,EW,-0.01198021333333333,-0.012185635555555557,-0.00020542222222222697,2.0933333333333106,-0.0022987555555555378,4506,RAW_seed44
2023-10,VW,0.0004182950062091464,-0.022456213841907848,-0.022874508848116995,2.1705860245536295,-0.025045094872670624,4506,RAW_seed44
2023-11,EW,0.02973621854304636,0.04764582781456954,0.01790960927152318,2.013245033112545,0.015896364238410635,4534,RAW_seed44
2023-11,VW,0.004484956493250137,0.026016343100392293,0.021531386607142156,2.074778643676699,0.019456607963465457,4534,RAW_seed44
2023-12,EW,-0.021595857142857146,-0.02053983956043956,0.0010560175824175858,2.145054945054937,-0.0010890373626373513,4558,RAW_seed44
2023-12,VW,-0.01207971951039036,-0.021981211116425686,-0.009901491606035326,1.979578996231274,-0.0118810706022666,4558,RAW_seed44
2024-01,EW,-0.2192350849673203,-0.2144763725490197,0.004758712418300615,1.834422657952068,0.0029242897603485468,4591,RAW_seed44
2024-01,VW,-0.15254326381081879,-0.18770227496429412,-0.035159011153475334,1.8239906138607647,-0.0369830017673361,4591,RAW_seed44
2024-02,EW,0.044247158008658014,0.06859088528138531,0.024343727272727295,2.004329004329019,0.022339398268398276,4621,RAW_seed44
2024-02,VW,0.06154844537337249,0.11670387652424677,0.055155431150874276,2.669104195981854,0.05248632695489242,4621,RAW_seed44
2024-03,EW,0.019372409482758618,0.08612486637931034,0.06675245689655172,1.8922413793103903,0.06486021551724133,4648,RAW_seed44
2024-03,VW,0.020852545622190258,0.050017978472468194,0.029165432850277936,2.7175290040243083,0.026447903846253628,4648,RAW_seed44
2024-04,EW,-0.054264317596566525,1.4068669527896532e-05,0.05427838626609442,2.077253218884101,0.05220113304721032,4663,RAW_seed44
2024-04,VW,-0.04787984018718749,0.01993834201188998,0.06781818219907747,2.5800976268176288,0.06523808457225984,4663,RAW_seed44
2024-05,EW,-0.009400279569892473,-0.021754333333333337,-0.012354053763440865,2.467811158798304,-0.01482186492223917,4659,RAW_seed44
2024-05,VW,-0.019391608717292966,-0.022887206559099926,-0.0034955978418069605,2.7613625905051356,-0.0062569604323120965,4659,RAW_seed44
2024-06,EW,-0.08521163090128757,-0.0657167703862661,0.019494860515021473,2.1115879828326434,0.01738327253218883,4667,RAW_seed44
2024-06,VW,-0.08877494415884557,-0.03622101406255757,0.052553930096288,2.5403996730685843,0.05001353042321941,4667,RAW_seed44
2024-07,EW,-0.01945194444444445,-0.0016406047008547028,0.017811339743589748,1.9829059829059592,0.01582843376068379,4682,RAW_seed44
2024-07,VW,-0.0254636135223035,-0.008975939217133471,0.01648767430517003,2.503923669653454,0.013983750635516575,4682,RAW_seed44
2024-08,EW,-0.06105007051282053,-0.039417942307692314,0.021632128205128213,2.303418803418796,0.01932870940170942,4689,RAW_seed44
2024-08,VW,-0.07505443936750401,-0.04712602452916645,0.027928414838337565,2.6207161676259294,0.025307698670711636,4689,RAW_seed44
2024-09,EW,0.22627863113006402,0.2229850447761194,-0.003293586353944611,2.0341151385927545,-0.005327701492537366,4693,RAW_seed44
2024-09,VW,0.2153219095320438,0.20746907572377213,-0.007852833808271675,2.4394876191409014,-0.010292321427412578,4693,RAW_seed44
2024-10,EW,0.1320047063829787,0.06643351063829789,-0.06557119574468082,2.127659574468115,-0.06769885531914893,4700,RAW_seed44
2024-10,VW,0.12248023537990223,0.04621714114106826,-0.07626309423883397,2.4662843381729274,-0.0787293785770069,4700,RAW_seed44
2024-11,EW,-0.027352376595744687,0.05395710212765957,0.08130947872340426,1.9744680851063974,0.07933501063829786,4704,RAW_seed44
2024-11,VW,-0.07789068523505417,0.02799636168170474,0.1058870469167589,2.1109514313199393,0.10377609548543897,4704,RAW_seed44
2024-12,EW,-0.08178554042553192,-0.025596191489361698,0.056189348936170225,2.1957446808510834,0.05399360425531914,4706,RAW_seed44
2024-12,VW,-0.08574281203161375,-0.010975739692137172,0.07476707233947658,2.1585261206327244,0.07260854621884386,4706,RAW_seed44
2025-01,EW,-0.01871619108280255,-0.0021221932059447973,0.016593997876857752,2.097664543524433,0.01449633333333332,4711,RAW_seed44
2025-01,VW,-0.03157900214620281,-0.014516117733067858,0.01706288441313495,2.5379097542944073,0.014524974658840542,4711,RAW_seed44
2025-02,EW,0.06642281316348196,0.10699055201698515,0.04056773885350319,2.0849256900212394,0.038482813163481955,4717,RAW_seed44
2025-02,VW,0.015180950013392855,0.09915896607525647,0.08397801606186361,2.5115296554110835,0.08146648640645253,4717,RAW_seed44
2025-03,EW,-0.03988559110169491,0.017373338983050848,0.05725893008474575,2.1271186440678083,0.05513181144067794,4723,RAW_seed44
2025-03,VW,-0.01718459356293574,0.005723493280717504,0.022908086843653246,2.6151834012693542,0.02029290344238389,4723,RAW_seed44
2025-04,EW,-0.015780868921775895,-0.029184856236786474,-0.01340398731501058,2.211416490486291,-0.01561540380549687,4730,RAW_seed44
2025-04,VW,-0.02119206709339819,-0.03002858789497425,-0.00883652080157606,1.9107001545948052,-0.010747220956170865,4730,RAW_seed44
2023-01,EW,0.027712158508158505,0.10613258974358976,0.07842043123543126,2.000000000000018,0.07642043123543124,4294,RAW_ensemble
2023-01,VW,0.03389767791868156,0.08956091569138372,0.05566323777270216,2.0000000000000004,0.053663237772702155,4294,RAW_ensemble
2023-02,EW,0.010343571759259259,0.05761341898148148,0.04726984722222222,1.9722222222222314,0.04529762499999999,4321,RAW_ensemble
2023-02,VW,-0.023467732264935953,0.048486853904173774,0.07195458616910973,2.4864456362440257,0.06946814053286571,4321,RAW_ensemble
2023-03,EW,-0.0032308256880733965,0.0013973119266055037,0.004628137614678901,1.912844036697231,0.0027152935779816696,4366,RAW_ensemble
2023-03,VW,0.03067131877722676,0.03836482687971226,0.0076935081024854975,2.391931530246801,0.005301576572238696,4366,RAW_ensemble
2023-04,EW,-0.03366221136363637,-0.028299734090909086,0.005362477272727283,1.8227272727272565,0.0035397500000000264,4407,RAW_ensemble
2023-04,VW,-0.006290613837756147,-0.02039499818655014,-0.014104384348793995,2.2703576823092657,-0.01637474203110326,4407,RAW_ensemble
2023-05,EW,-0.017975464852607714,0.044286544217687074,0.06226200907029479,2.3764172335600655,0.059885591836734725,4413,RAW_ensemble
2023-05,VW,-0.04026957101807202,0.02505829382799961,0.06532786484607163,2.8553873236636713,0.062472477522407956,4413,RAW_ensemble
2023-06,EW,0.032836160270880356,0.03561629119638826,0.002780130925507905,1.918735891647824,0.000861395033860081,4436,RAW_ensemble
2023-06,VW,0.020612059008351755,0.04616387950619469,0.025551820497842933,2.5525883319431113,0.022999232165899823,4436,RAW_ensemble
2023-07,EW,-0.028713400447427293,-0.03410937360178972,-0.0053959731543624274,1.9105145413870168,-0.007306487695749445,4473,RAW_ensemble
2023-07,VW,-0.009866464840659275,-0.04863202643555445,-0.03876556159489517,2.1149731802582172,-0.04088053477515339,4473,RAW_ensemble
2023-08,EW,-0.052349764573991035,-0.02159416591928251,0.030755598654708526,1.7136465324384813,0.029041952122270044,4467,RAW_ensemble
2023-08,VW,-0.07243150527156127,-0.0337626417696968,0.038668863501864464,2.0807120508478367,0.036588151451016626,4467,RAW_ensemble
2023-09,EW,-0.01845560714285714,0.006841075892857143,0.025296683035714286,1.8437499999999611,0.023452933035714326,4481,RAW_ensemble
2023-09,VW,-0.0019973634511839386,0.013396998312354498,0.015394361763538436,1.5553250478413065,0.013839036715697129,4481,RAW_ensemble
2023-10,EW,-0.01327318888888889,-0.012340275555555554,0.0009329133333333354,1.8311111111110996,-0.0008981977777777642,4506,RAW_ensemble
2023-10,VW,-0.01255127066353138,-0.04976774542193358,-0.0372164747584022,1.661501490344789,-0.03887797624874699,4506,RAW_ensemble
2023-11,EW,0.026492891832229578,0.055236757174392935,0.028743865342163357,1.9205298013244676,0.026823335540838888,4534,RAW_ensemble
2023-11,VW,0.011514735555494584,0.030396520129367496,0.018881784573872913,2.637359830025437,0.016244424743847477,4534,RAW_ensemble
2023-12,EW,-0.02067252087912088,-0.012403120879120882,0.008269399999999998,1.934065934065943,0.006335334065934055,4558,RAW_ensemble
2023-12,VW,-0.010669920024983197,-0.02088020151931059,-0.010210281494327391,2.1079002651030367,-0.01231818175943043,4558,RAW_ensemble
2024-01,EW,-0.23586321350762526,-0.20987678867102405,0.025986424836601213,1.7342047930283202,0.024252220043572893,4591,RAW_ensemble
2024-01,VW,-0.20059254225266676,-0.19136130440322624,0.009231237849440521,1.7991118691453791,0.007432125980295142,4591,RAW_ensemble
2024-02,EW,0.04664828787878788,0.03418213203463203,-0.012466155844155849,2.0865800865801005,-0.014552735930735949,4621,RAW_ensemble
2024-02,VW,0.06389267255356004,0.09082826580142464,0.026935593247864598,2.7146095669823147,0.024220983680882283,4621,RAW_ensemble
2024-03,EW,0.01629198922413793,0.0940120452586207,0.07772005603448276,1.650862068965556,0.0760691939655172,4648,RAW_ensemble
2024-03,VW,-0.009095558171222097,0.058595781799082494,0.06769133997030459,2.506438528750796,0.0651849014415538,4648,RAW_ensemble
2024-04,EW,-0.054571690987124465,0.005414090128755366,0.05998578111587983,1.7339055793991196,0.05825187553648071,4663,RAW_ensemble
2024-04,VW,-0.03938461529248897,0.023832889482472044,0.06321750477496102,2.5209682097199413,0.06069653656524108,4663,RAW_ensemble
2024-05,EW,-0.012902318279569893,-0.015178967741935483,-0.0022766494623655906,2.236051502145944,-0.004512700964511535,4659,RAW_ensemble
2024-05,VW,-0.015390488383071407,-0.016611382112748076,-0.0012208937296766687,2.817629580184121,-0.00403852330986079,4659,RAW_ensemble
2024-06,EW,-0.08711933476394851,-0.06136622532188841,0.0257531094420601,2.0386266094420855,0.023714482832618015,4667,RAW_ensemble
2024-06,VW,-0.09941680115739523,-0.03833259507256458,0.06108420608483065,2.7793667447800137,0.05830483934005064,4667,RAW_ensemble
2024-07,EW,-0.019564630341880346,-0.01568275213675214,0.003881878205128208,1.8205128205128007,0.002061365384615407,4682,RAW_ensemble
2024-07,VW,-0.009453335828756784,-0.028508326577872393,-0.01905499074911561,2.5253065631193734,-0.021580297312234983,4682,RAW_ensemble
2024-08,EW,-0.06393938034188036,-0.034197303418803414,0.029742076923076947,1.940170940170934,0.027801905982906015,4689,RAW_ensemble
2024-08,VW,-0.07123601974914526,-0.031349000599913635,0.03988701914923162,2.1771215860553004,0.037709897563176324,4689,RAW_ensemble
2024-09,EW,0.23944052665245202,0.1959503326226013,-0.043490194029850715,1.7910447761194137,-0.045281238805970125,4693,RAW_ensemble
2024-09,VW,0.227585162444626,0.17933905937150407,-0.04824610307312194,2.0083020859799587,-0.05025440515910189,4693,RAW_ensemble
2024-10,EW,0.1473322595744681,0.05153363191489361,-0.0957986276595745,1.8851063829787482,-0.09768373404255325,4700,RAW_ensemble
2024-10,VW,0.1520836727683878,0.019258967396703484,-0.1328247053716843,2.1817050770518316,-0.13500641044873615,4700,RAW_ensemble
2024-11,EW,-0.02022078510638297,0.04950013617021276,0.06972092127659574,1.859574468085118,0.06786134680851062,4704,RAW_ensemble
2024-11,VW,-0.08651899908865553,0.0213753381202961,0.10789433720895163,2.1437222930010216,0.1057506149159506,4704,RAW_ensemble
2024-12,EW,-0.08529852978723405,-0.019301397872340427,0.06599713191489362,1.927659574468097,0.06406947234042552,4706,RAW_ensemble
2024-12,VW,-0.09621472582823017,-0.008700595386987676,0.08751413044124248,2.2423875906499853,0.0852717428505925,4706,RAW_ensemble
2025-01,EW,-0.01408144585987261,0.001584522292993631,0.015665968152866243,1.9957537154989544,0.013670214437367288,4711,RAW_ensemble
2025-01,VW,0.0026552497575050753,-0.01561063290501649,-0.018265882662521566,2.053013610714001,-0.02031889627323557,4711,RAW_ensemble
2025-02,EW,0.07143230148619956,0.10259013800424627,0.03115783651804671,1.9065817409766452,0.029251254777070065,4717,RAW_ensemble
2025-02,VW,0.03354812745339384,0.07892343805805747,0.045375310604663634,1.9268549160225017,0.043448455688641134,4717,RAW_ensemble
2025-03,EW,-0.0404397372881356,0.013839991525423727,0.05427972881355933,1.9661016949152532,0.052313627118644075,4723,RAW_ensemble
2025-03,VW,-0.0178019172066977,-0.007406062232087761,0.010395854974609941,2.752447026549621,0.00764340794806032,4723,RAW_ensemble
2025-04,EW,-0.01727817970401691,-0.026416987315010576,-0.009138807610993668,1.9873150105708723,-0.01112612262156454,4730,RAW_ensemble
2025-04,VW,-0.02479768301155571,-0.02428007382513952,0.0005176091864161902,2.2513198421426934,-0.0017337106557265033,4730,RAW_ensemble
2023-01,EW,0.03704221911421911,0.09792648484848483,0.060884265734265725,2.000000000000018,0.05888426573426571,4294,EMB32_seed42
2023-01,VW,0.05356664708175492,0.09733889622014094,0.043772249138386024,2.0000000000000004,0.04177224913838602,4294,EMB32_seed42
2023-02,EW,0.011652599537037036,0.049249863425925924,0.037597263888888885,1.8888888888888964,0.03570837499999999,4321,EMB32_seed42
2023-02,VW,-0.01951405221039569,0.051092362423111284,0.07060641463350698,2.2372895650059954,0.06836912506850099,4321,EMB32_seed42
2023-03,EW,0.014419949541284402,-0.024335713302752294,-0.0387556628440367,1.9082568807339282,-0.040663919724770625,4366,EMB32_seed42
2023-03,VW,0.07145194588548484,-0.022637888744310403,-0.09408983462979524,2.5197866714613846,-0.09660962130125662,4366,EMB32_seed42
2023-04,EW,-0.03216652272727273,-0.03330259545454545,-0.0011360727272727161,1.8045454545454385,-0.0029406181818181546,4407,EMB32_seed42
2023-04,VW,0.003716141048029137,-0.030317153691677583,-0.03403329473970672,2.251184382154212,-0.03628447912186093,4407,EMB32_seed42
2023-05,EW,-0.012521204081632651,0.03937000000000001,0.05189120408163266,2.4807256235827415,0.04941047845804992,4413,EMB32_seed42
2023-05,VW,-0.050197319496465706,0.018443399769767905,0.06864071926623361,2.855521367180993,0.06578519789905261,4413,EMB32_seed42
2023-06,EW,0.01526489841986456,0.03802768171557563,0.02276278329571107,1.959367945823895,0.020803415349887174,4436,EMB32_seed42
2023-06,VW,0.03884265738703479,0.0383715518696711,-0.00047110551736368605,2.6142248229088927,-0.0030853303402725786,4436,EMB32_seed42
2023-07,EW,-0.05229151677852349,0.007679391498881433,0.05997090827740492,1.9418344519015567,0.05802907382550337,4473,EMB32_seed42
2023-07,VW,-0.04723397542185567,-0.00350533803054798,0.043728637391307695,2.0885764535081144,0.04164006093779958,4473,EMB32_seed42
2023-08,EW,-0.04586495067264575,-0.03077004260089686,0.015094908071748892,1.8747203579418352,0.013220187713807056,4467,EMB32_seed42
2023-08,VW,-0.05048702922880239,-0.039122063297414696,0.011364965931387694,2.282831586524364,0.00908213434486333,4467,EMB32_seed42
2023-09,EW,-0.024038229910714283,0.004657540178571428,0.028695770089285713,1.9017857142856731,0.02679398437500004,4481,EMB32_seed42
2023-09,VW,-0.00641369666683413,0.008688308077343904,0.015102004744178034,2.214107538903355,0.012887897205274678,4481,EMB32_seed42
2023-10,EW,-0.005259806666666667,-0.013116997777777778,-0.007857191111111111,1.719999999999992,-0.009577191111111103,4506,EMB32_seed42
2023-10,VW,0.006370240108038058,-0.019591008303655066,-0.025961248411693123,1.5980745762403927,-0.027559322987933517,4506,EMB32_seed42
2023-11,EW,0.025758421633554084,0.044868752759381896,0.01911033112582781,1.7395143487858409,0.01737081677704197,4534,EMB32_seed42
2023-11,VW,0.008132532393262913,0.033209558715563615,0.025077026322300702,1.8271029825087,0.023249923339792002,4534,EMB32_seed42
2023-12,EW,-0.02456155604395605,-0.007961560439560438,0.01659999560439561,1.9252747252747346,0.014674720879120876,4558,EMB32_seed42
2023-12,VW,-0.028962205594965214,-0.015672868464576682,0.013289337130388532,2.0747100901903175,0.011214627040198214,4558,EMB32_seed42
2024-01,EW,-0.24528921786492378,-0.18442213943355124,0.06086707843137254,1.716775599128537,0.059150302832244005,4591,EMB32_seed42
2024-01,VW,-0.18498494825820602,-0.17286030740128525,0.012124640856920776,1.8813135629497695,0.010243327293971007,4591,EMB32_seed42
2024-02,EW,0.05614319913419914,0.017851686147186147,-0.038291512987013,2.1038961038961177,-0.040395409090909114,4621,EMB32_seed42
2024-02,VW,0.06727952728396719,0.05843023396839844,-0.008849293315568746,2.8532393361664945,-0.01170253265173524,4621,EMB32_seed42
2024-03,EW,0.008991528017241379,0.10331166594827587,0.0943201379310345,1.8836206896552192,0.09243651724137927,4648,EMB32_seed42
2024-03,VW,0.007450096101819512,0.08739229901107617,0.07994220290925666,2.723500638349564,0.0772187022709071,4648,EMB32_seed42
2024-04,EW,-0.05657091845493563,0.010821596566523605,0.06739251502145924,1.9527896995707914,0.06543972532188845,4663,EMB32_seed42
2024-04,VW,-0.020302812322462234,0.022876715358559372,0.04317952768102161,2.8299150590219733,0.04034961262199964,4663,EMB32_seed42
2024-05,EW,-0.02060841505376344,-0.011886554838709677,0.008721860215053763,2.356223175965687,0.006365637039088075,4659,EMB32_seed42
2024-05,VW,-0.03712274131112613,-0.02172186012120999,0.015400881189916144,2.777792484517763,0.01262308870539838,4659,EMB32_seed42
2024-06,EW,-0.08888292703862659,-0.0803196416309013,0.008563285407725288,2.0214592274678402,0.006541826180257448,4667,EMB32_seed42
2024-06,VW,-0.05841905090568411,-0.06853425724107608,-0.010115206335391966,2.709567782997314,-0.01282477411838928,4667,EMB32_seed42
2024-07,EW,-0.01948277777777778,-0.0011460064102564104,0.01833677136752137,1.8247863247863052,0.016511985042735065,4682,EMB32_seed42
2024-07,VW,-0.016170931476133295,-0.002114268549598588,0.014056662926534708,2.566661250929197,0.01149000167560551,4682,EMB32_seed42
2024-08,EW,-0.06611433119658121,-0.0292239123931624,0.03689041880341881,2.0427350427350364,0.03484768376068378,4689,EMB32_seed42
2024-08,VW,-0.07892924506475464,-0.034482202370103916,0.044447042694650725,2.7721706283376615,0.04167487206631306,4689,EMB32_seed42
2024-09,EW,0.23514918123667378,0.1969346226012793,-0.03821455863539447,1.837953091684443,-0.04005251172707891,4693,EMB32_seed42
2024-09,VW,0.2030528004711629,0.19379366267429943,-0.009259137796863465,2.2522186775146,-0.011511356474378065,4693,EMB32_seed42
2024-10,EW,0.14321618085106388,0.04744782553191489,-0.09576835531914898,1.9148936170213007,-0.09768324893617028,4700,EMB32_seed42
2024-10,VW,0.13804344488737172,0.037533988318014445,-0.10050945656935728,2.43284298258873,-0.102942299551946,4700,EMB32_seed42
2024-11,EW,-0.026537602127659574,0.07022652340425531,0.09676412553191488,1.7829787234042644,0.09498114680851062,4704,EMB32_seed42
2024-11,VW,-0.07046310154931956,0.047846078550522995,0.11830918009984256,2.1746567269266035,0.11613452337291597,4704,EMB32_seed42
2024-12,EW,-0.08466264255319149,-0.011658444680851069,0.07300419787234042,1.9914893617021423,0.07101270851063828,4706,EMB32_seed42
2024-12,VW,-0.07385922009271668,-0.010574121758418565,0.06328509833429811,2.2526286559838655,0.06103246967831425,4706,EMB32_seed42
2025-01,EW,-0.012700670912951167,-0.0045850997876857764,0.00811557112526539,1.953290870488337,0.006162280254777053,4711,EMB32_seed42
2025-01,VW,-0.02410581077842462,-0.007920706908046256,0.016185103870378366,2.1646596156684903,0.014020444254709875,4711,EMB32_seed42
2025-02,EW,0.09240899150743098,0.08123294267515922,-0.01117604883227176,1.889596602972399,-0.013065645435244157,4717,EMB32_seed42
2025-02,VW,0.08147765357119338,0.08387735968454173,0.002399706113348346,2.0870320568025176,0.00031267405654582855,4717,EMB32_seed42
2025-03,EW,-0.04253962923728812,0.025309697033898303,0.06784932627118642,2.1228813559322175,0.0657264449152542,4723,EMB32_seed42
2025-03,VW,-0.060092795284491754,0.025556890967357734,0.08564968625184949,2.5316486589173177,0.08311803759293217,4723,EMB32_seed42
2025-04,EW,-0.018283171247357295,-0.029766947145877378,-0.011483775898520083,2.0422832980972982,-0.013526059196617382,4730,EMB32_seed42
2025-04,VW,-0.01768263840757908,-0.03819805635533146,-0.02051541794775238,2.396777947137164,-0.022912195894889544,4730,EMB32_seed42
2023-01,EW,0.04723810955710956,0.06212167832167833,0.01488356876456877,2.000000000000018,0.01288356876456875,4294,EMB32_seed43
2023-01,VW,0.049776521312250556,0.04999227225243775,0.00021575094018719265,1.9999999999999973,-0.0017842490598128048,4294,EMB32_seed43
2023-02,EW,0.015311523148148147,0.03147459722222222,0.016163074074074073,2.2962962962963123,0.013866777777777761,4321,EMB32_seed43
2023-02,VW,-0.0485877142144936,0.023850197297931166,0.07243791151242476,2.1271636044499296,0.07031074790797483,4321,EMB32_seed43
2023-03,EW,0.010176323394495413,-0.020210800458715594,-0.030387123853211007,2.0183486238531927,-0.0324054724770642,4366,EMB32_seed43
2023-03,VW,0.0276427659197186,0.018411435889517297,-0.009231330030201303,2.257348694699293,-0.011488678724900597,4366,EMB32_seed43
2023-04,EW,-0.03586187954545454,-0.009029504545454545,0.026832375,1.9636363636363416,0.024868738636363658,4407,EMB32_seed43
2023-04,VW,0.002041589561195844,0.0017139079438634782,-0.0003276816173323658,2.20657289689032,-0.002534254514222686,4407,EMB32_seed43
2023-05,EW,0.004355702947845804,-0.01060744671201814,-0.014963149659863943,2.6303854875283204,-0.017593535147392265,4413,EMB32_seed43
2023-05,VW,-0.028978681144637468,-0.047786019172053794,-0.018807338027416326,2.7937404589524992,-0.021601078486368826,4413,EMB32_seed43
2023-06,EW,0.030326790067720082,0.02099808577878103,-0.009328704288939053,2.176072234762959,-0.011504776523702012,4436,EMB32_seed43
2023-06,VW,0.010732473344231762,0.0282546469687564,0.017522173624524635,2.561887948213959,0.014960285676310676,4436,EMB32_seed43
2023-07,EW,-0.04229462863534676,0.03556797539149886,0.07786260402684562,2.0939597315436203,0.075768644295302,4473,EMB32_seed43
2023-07,VW,-0.03375109604857486,0.025404551483366674,0.05915564753194154,2.031478472601789,0.05712416905933975,4473,EMB32_seed43
2023-08,EW,-0.05123764573991031,-0.044959533632287,0.0062781121076233085,2.389261744966458,0.0038888503626568504,4467,EMB32_seed43
2023-08,VW,-0.0709806883199441,-0.042259594001050255,0.028721094318893844,2.107447953578496,0.02661364636531535,4467,EMB32_seed43
2023-09,EW,-0.0151213125,0.003069984375,0.018191296875,2.0223214285713853,0.01616897544642861,4481,EMB32_seed43
2023-09,VW,-0.007550069257457307,-0.0020275479683726587,0.005522521289084648,1.8245671432866517,0.003697954145797996,4481,EMB32_seed43
2023-10,EW,0.008292744444444446,-0.04430917777777778,-0.05260192222222222,2.1688888888888638,-0.05477081111111109,4506,EMB32_seed43
2023-10,VW,0.029398161064775198,-0.06018869800714338,-0.08958685907191857,1.8549525661737536,-0.09144181163809233,4506,EMB32_seed43
2023-11,EW,0.040336326710816786,0.013763812362030904,-0.02657251434878588,2.0397350993377086,-0.02861224944812359,4534,EMB32_seed43
2023-11,VW,0.03271205892090218,0.008522328856471485,-0.024189730064430696,1.8542741600638093,-0.026044004224494505,4534,EMB32_seed43
2023-12,EW,-0.022134898901098904,-0.019158331868131876,0.002976567032967028,2.017582417582425,0.0009589846153846026,4558,EMB32_seed43
2023-12,VW,-0.035069447642814264,-0.008660124806283871,0.026409322836530393,1.7913013104994795,0.024618021526030914,4558,EMB32_seed43
2024-01,EW,-0.2525504030501089,-0.10630483224400873,0.14624557080610018,1.8605664488017384,0.14438500435729845,4591,EMB32_seed43
2024-01,VW,-0.23833273805751007,-0.007885953711964959,0.2304467843455451,1.7887772134915096,0.2286580071320536,4591,EMB32_seed43
2024-02,EW,0.04491304545454545,0.0945021212121212,0.049589075757575755,2.4502164502164434,0.04713885930735931,4621,EMB32_seed43
2024-02,VW,0.07327690303966787,0.10143624561059772,0.02815934257092985,2.3935101729686337,0.025765832397961215,4621,EMB32_seed43
2024-03,EW,0.011443327586206897,0.07378189439655172,0.062338566810344824,2.6120689655172518,0.05972649784482757,4648,EMB32_seed43
2024-03,VW,-0.009320604094531088,0.04107938946692133,0.050399993561452416,2.2843138119376327,0.048115679749514785,4648,EMB32_seed43
2024-04,EW,-0.055005508583690986,-0.0015675364806866949,0.05343797210300429,2.381974248927036,0.05105599785407726,4663,EMB32_seed43
2024-04,VW,-0.003698569473611906,0.01804609114076652,0.021744660614378426,2.2988059501111606,0.019445854664267265,4663,EMB32_seed43
2024-05,EW,-0.006793387096774193,-0.008694701075268816,-0.001901313978494623,2.489270386266123,-0.004390584364760745,4659,EMB32_seed43
2024-05,VW,-0.014138244576521165,0.010235409184223002,0.024373653760744168,2.136631092634355,0.022237022668109813,4659,EMB32_seed43
2024-06,EW,-0.074291178111588,-0.08572651716738196,-0.011435339055793955,1.9957081545064639,-0.01343104721030042,4667,EMB32_seed43
2024-06,VW,-0.07292174046301159,-0.0013314530576303473,0.07159028740538124,1.9772839803746685,0.06961300342500658,4667,EMB32_seed43
2024-07,EW,-0.017288480769230775,0.01919444871794872,0.036482929487179495,1.730769230769213,0.03475216025641028,4682,EMB32_seed43
2024-07,VW,-0.005218614417671367,-0.03341867544658886,-0.028200061028917492,1.7492947020352123,-0.029949355730952705,4682,EMB32_seed43
2024-08,EW,-0.06364741880341881,-0.039596786324786325,0.02405063247863249,2.132478632478626,0.021918153846153865,4689,EMB32_seed43
2024-08,VW,-0.06731862946125641,-0.0302206834137852,0.037097946047471214,1.7992604831336223,0.035298685564337594,4689,EMB32_seed43
2024-09,EW,0.2501088208955224,0.224191381663113,-0.025917439232409384,1.9573560767590699,-0.027874795309168456,4693,EMB32_seed43
2024-09,VW,0.2530524406939751,0.14698310202757628,-0.10606933866639881,1.8252139707835118,-0.10789455263718233,4693,EMB32_seed43
2024-10,EW,0.14517677659574468,-0.00898444680851064,-0.1541612234042553,2.204255319148968,-0.15636547872340428,4700,EMB32_seed43
2024-10,VW,0.15467096303688677,-0.057673937721792114,-0.21234490075867887,1.7328269190345214,-0.21407772767771338,4700,EMB32_seed43
2024-11,EW,-0.0006596851063829793,0.030467485106382985,0.031127170212765964,1.527659574468088,0.029599510638297875,4704,EMB32_seed43
2024-11,VW,-0.016885072136022583,-0.005061303717240564,0.011823768418782018,1.5815899797530415,0.010242178439028976,4704,EMB32_seed43
2024-12,EW,-0.0740995489361702,-0.009523127659574469,0.06457642127659573,1.7744680851063923,0.06280195319148933,4706,EMB32_seed43
2024-12,VW,-0.07709561103289071,0.022113230440780188,0.0992088414736709,1.6023920587907852,0.09760644941488011,4706,EMB32_seed43
2025-01,EW,-0.012538934182590233,-0.018619653927813163,-0.00608071974522293,2.059447983014882,-0.008140167728237812,4711,EMB32_seed43
2025-01,VW,-0.005499469274075873,-0.032886043044885606,-0.027386573770809733,2.2031213013061652,-0.0295896950721159,4711,EMB32_seed43
2025-02,EW,0.11596948407643314,0.050048840764331214,-0.06592064331210193,2.089171974522302,-0.06800981528662423,4717,EMB32_seed43
2025-02,VW,0.10953253680756524,0.005499568287605782,-0.10403296851995945,2.1803611123049467,-0.1062133296322644,4717,EMB32_seed43
2025-03,EW,-0.02481879237288135,0.017934764830508477,0.04275355720338983,2.0593220338983134,0.04069423516949151,4723,EMB32_seed43
2025-03,VW,-0.04060943923998418,0.014331226077594614,0.054940665317578796,1.7584904995822193,0.05318217481799658,4723,EMB32_seed43
2025-04,EW,-0.022131073995771678,-0.015298496828752645,0.006832577167019033,2.0591966173361995,0.004773380549682834,4730,EMB32_seed43
2025-04,VW,-0.02902757736519535,-0.02454703426263216,0.004480543102563187,1.9583116960644502,0.002522231406498737,4730,EMB32_seed43
2023-01,EW,0.02667172027972028,0.1022338717948718,0.07556215151515151,2.000000000000018,0.0735621515151515,4294,EMB32_seed44
2023-01,VW,0.025286874999978424,0.09537558108461439,0.07008870608463597,1.9999999999999996,0.06808870608463596,4294,EMB32_seed44
2023-02,EW,0.010830578703703703,0.04326585416666666,0.03243527546296296,2.125000000000013,0.030310275462962947,4321,EMB32_seed44
2023-02,VW,-0.018283820304700764,0.035687560335999215,0.05397138064069998,2.4455607031910316,0.051525819937508946,4321,EMB32_seed44
2023-03,EW,0.003275291284403668,-0.013005100917431192,-0.01628039220183486,2.073394495412835,-0.018353786697247694,4366,EMB32_seed44
2023-03,VW,0.06230113068284407,-0.005083464383509367,-0.06738459506635344,2.4578278394963124,-0.06984242290584976,4366,EMB32_seed44
2023-04,EW,-0.0345791409090909,-0.04028910000000001,-0.005709959090909107,1.78636363636362,-0.007496322727272727,4407,EMB32_seed44
2023-04,VW,0.002618392442834009,-0.04008463854065355,-0.04270303098348756,2.2040042628540752,-0.04490703524634163,4407,EMB32_seed44
2023-05,EW,-0.02028552154195011,0.03309375056689343,0.053379272108843544,2.657596371882065,0.05072167573696148,4413,EMB32_seed44
2023-05,VW,-0.04301819453931985,0.00410065780679166,0.04711885234611151,2.909576612577228,0.04420927573353428,4413,EMB32_seed44
2023-06,EW,0.036068018058690726,0.03325698645598194,-0.002811031602708784,2.085778781038347,-0.004896810383747131,4436,EMB32_seed44
2023-06,VW,0.021860092096960368,0.05188870411221154,0.03002861201525117,2.7213650645177467,0.027307246950733423,4436,EMB32_seed44
2023-07,EW,-0.01746105369127516,0.0055408545861297545,0.023001908277404913,2.03579418344518,0.020966114093959733,4473,EMB32_seed44
2023-07,VW,-0.0273077773816713,0.005706652670945533,0.03301443005261683,2.322672720145534,0.030691757332471297,4473,EMB32_seed44
2023-08,EW,-0.05149272869955158,-0.03476242600896862,0.01673030269058296,2.062639821029085,0.014667662869553877,4467,EMB32_seed44
2023-08,VW,-0.07678807716712764,-0.056464722161345564,0.020323355005782077,2.164273809210416,0.018159081196571662,4467,EMB32_seed44
2023-09,EW,-0.01208145982142857,0.010686560267857142,0.02276802008928571,2.0401785714285308,0.02072784151785718,4481,EMB32_seed44
2023-09,VW,-0.011533331141437887,0.0034394310083292337,0.01497276214976712,1.950826966949668,0.01302193518281745,4481,EMB32_seed44
2023-10,EW,-0.0007183422222222203,-0.020983842222222222,-0.020265500000000002,1.906666666666651,-0.022172166666666653,4506,EMB32_seed44
2023-10,VW,0.011464702285535852,-0.03366833326301269,-0.04513303554854854,1.9724416123193826,-0.04710547716086792,4506,EMB32_seed44
2023-11,EW,0.03607309271523179,0.030056529801324505,-0.006016562913907286,1.9293598233995262,-0.007945922737306812,4534,EMB32_seed44
2023-11,VW,0.017540806661920844,0.004781457371633082,-0.012759349290287762,1.8619051264641417,-0.014621254416751904,4534,EMB32_seed44
2023-12,EW,-0.019277756043956044,-0.019409817582417586,-0.000132061538461542,1.969230769230778,-0.0021012923076923202,4558,EMB32_seed44
2023-12,VW,-0.031455560461688035,-0.016708075482158097,0.014747484979529938,1.94559879259605,0.012801886186933887,4558,EMB32_seed44
2024-01,EW,-0.221111091503268,-0.16600382135076255,0.05510727015250544,1.7908496732026098,0.05331642047930283,4591,EMB32_seed44
2024-01,VW,-0.19118862096782524,-0.1203741294466028,0.07081449152122243,1.969337182348498,0.06884515433887393,4591,EMB32_seed44
2024-02,EW,0.03692105627705628,0.0597799696969697,0.022858913419913418,2.2727272727272814,0.020586186147186138,4621,EMB32_seed44
2024-02,VW,0.054914005739948785,0.1264435115344467,0.0715295057944979,3.1550548051372904,0.06837445098936061,4621,EMB32_seed44
2024-03,EW,0.025068978448275867,0.0953165926724138,0.07024761422413793,1.8534482758621122,0.06839416594827581,4648,EMB32_seed44
2024-03,VW,0.035780219584321205,0.07182329489816289,0.03604307531384168,2.837886195534111,0.03320518911830757,4648,EMB32_seed44
2024-04,EW,-0.06352919098712445,0.0026060708154506443,0.06613526180257509,2.218884120171662,0.06391637768240342,4663,EMB32_seed44
2024-04,VW,-0.05886590164549193,0.01156660380252074,0.07043250544801267,3.0446612931202193,0.06738784415489246,4663,EMB32_seed44
2024-05,EW,-0.02123931827956989,-0.01963736774193548,0.0016019505376344105,2.686695278969973,-0.0010847447413355627,4659,EMB32_seed44
2024-05,VW,-0.021477471649981254,-0.030364340705490375,-0.00888686905550912,2.9656728009507924,-0.011852541856459913,4659,EMB32_seed44
2024-06,EW,-0.09568633047210301,-0.07498246781115879,0.02070386266094422,2.1244635193133328,0.018579399141630887,4667,EMB32_seed44
2024-06,VW,-0.07664828360477512,-0.027906246527769067,0.04874203707700605,2.575903411262159,0.04616613366574389,4667,EMB32_seed44
2024-07,EW,-0.007816365384615385,0.004913179487179487,0.012729544871794871,2.017094017093998,0.010712450854700873,4682,EMB32_seed44
2024-07,VW,-0.00615306894311385,-0.0048489561801723395,0.0013041127629415108,2.700622924372916,-0.0013965101614314052,4682,EMB32_seed44
2024-08,EW,-0.04835922435897436,-0.03992096153846154,0.008438262820512826,2.188034188034181,0.006250228632478645,4689,EMB32_seed44
2024-08,VW,-0.06494973355512755,-0.05692722359846368,0.00802250995666387,2.741189097587652,0.005281320859076218,4689,EMB32_seed44
2024-09,EW,0.23462402771855012,0.21196487846481873,-0.022659149253731387,1.9317697228145074,-0.024590918976545893,4693,EMB32_seed44
2024-09,VW,0.21439607382903514,0.21349438194316478,-0.0009016918858703593,1.989670162871664,-0.002891362048742023,4693,EMB32_seed44
2024-10,EW,0.16217061489361703,0.05211905106382979,-0.11005156382978724,2.0085106382979006,-0.11206007446808515,4700,EMB32_seed44
2024-10,VW,0.1621938245985374,0.04171628610200986,-0.12047753849652754,2.1422072629316595,-0.12261974575945919,4700,EMB32_seed44
2024-11,EW,-0.028404302127659577,0.05481967659574468,0.08322397872340426,1.9446808510638436,0.08127929787234041,4704,EMB32_seed44
2024-11,VW,-0.06267338977785622,0.030028885470103028,0.09270227524795925,2.4071738042328965,0.09029510144372635,4704,EMB32_seed44
2024-12,EW,-0.08922155957446808,-0.023248534042553188,0.06597302553191489,2.221276595744702,0.0637517489361702,4706,EMB32_seed44
2024-12,VW,-0.08580535539819306,-0.00773249915760195,0.07807285624059111,2.1840426019353747,0.07588881363865574,4706,EMB32_seed44
2025-01,EW,-0.025894199575371556,-0.005919093418259024,0.01997510615711253,2.2377919320594724,0.017737314225053057,4711,EMB32_seed44
2025-01,VW,-0.029144041995177075,-0.014974205347174824,0.01416983664800225,2.2205197581310956,0.011949316889871156,4711,EMB32_seed44
2025-02,EW,0.09295056900212315,0.09732040339702758,0.004369834394904432,2.118895966029736,0.002250938428874696,4717,EMB32_seed44
2025-02,VW,0.06676425634336901,0.08523504219395155,0.01847078585058254,2.141478186135793,0.016329307664446745,4717,EMB32_seed44
2025-03,EW,-0.055493173728813544,0.025866574152542374,0.08135974788135591,2.1694915254237497,0.07919025635593216,4723,EMB32_seed44
2025-03,VW,-0.07561666093861763,-0.01231901012110126,0.06329765081751637,2.2289544952956257,0.06106869632222074,4723,EMB32_seed44
2025-04,EW,-0.0052807315010570816,-0.03041953699788584,-0.02513880549682876,2.2536997885835417,-0.027392505285412302,4730,EMB32_seed44
2025-04,VW,-0.009200142897769032,-0.04499680838656357,-0.03579666548879454,2.4205012847509044,-0.03821716677354544,4730,EMB32_seed44
2023-01,EW,0.03206158741258742,0.09358777622377623,0.06152618881118881,2.000000000000018,0.0595261888111888,4294,EMB32_ensemble
2023-01,VW,0.035899993600408894,0.09028914059195062,0.05438914699154172,1.9999999999999993,0.05238914699154172,4294,EMB32_ensemble
2023-02,EW,0.011032550925925925,0.04656203240740741,0.03552948148148148,2.231481481481496,0.03329799999999999,4321,EMB32_ensemble
2023-02,VW,-0.024234769188885126,0.036530374457401024,0.06076514364628615,2.777402353359806,0.057987741292926345,4321,EMB32_ensemble
2023-03,EW,0.007454532110091741,-0.027762302752293574,-0.03521683486238532,2.1330275229357696,-0.037349862385321085,4366,EMB32_ensemble
2023-03,VW,0.06817595854778122,-0.02078715348010148,-0.0889631120278827,2.693224093128914,-0.09165633612101161,4366,EMB32_ensemble
2023-04,EW,-0.03493173863636362,-0.029793188636363634,0.005138549999999985,1.9181818181817976,0.003220368181818187,4407,EMB32_ensemble
2023-04,VW,-0.006192176079486533,-0.03324698687943104,-0.02705481079994451,2.4316842192432193,-0.02948649501918773,4407,EMB32_ensemble
2023-05,EW,-0.010189594104308386,0.036369696145124725,0.04655929024943311,2.6575963718820623,0.043901693877551044,4413,EMB32_ensemble
2023-05,VW,-0.041887487849516576,0.017912285486488905,0.05979977333600548,3.053070647840553,0.05674670268816493,4413,EMB32_ensemble
2023-06,EW,0.02345258239277652,0.028864661399548533,0.005412079006772014,2.234762979683953,0.003177316027088061,4436,EMB32_ensemble
2023-06,VW,0.048142896781206805,0.038372065076196345,-0.00977083170501046,2.9187527447612505,-0.012689584449771711,4436,EMB32_ensemble
2023-07,EW,-0.03698020805369128,0.023913042505592834,0.060893250559284115,2.1476510067114094,0.058745599552572705,4473,EMB32_ensemble
2023-07,VW,-0.05344922413271135,0.009440478348379529,0.06288970248109088,2.260702375626592,0.06062900010546429,4473,EMB32_ensemble
2023-08,EW,-0.05227798206278026,-0.03594962780269058,0.016328354260089682,2.3176733780760763,0.014010680882013606,4467,EMB32_ensemble
2023-08,VW,-0.0811995401466033,-0.037768981708436254,0.043430558438167045,2.5455987336084074,0.04088495970455864,4467,EMB32_ensemble
2023-09,EW,-0.022196354910714283,0.009553158482142856,0.03174951339285714,2.1294642857142487,0.029620049107142894,4481,EMB32_ensemble
2023-09,VW,-0.01639328315878854,0.005929903637713023,0.02232318679650156,2.234437747234062,0.0200887490492675,4481,EMB32_ensemble
2023-10,EW,-0.003259786666666667,-0.024708233333333333,-0.021448446666666666,2.0444444444444247,-0.02349289111111109,4506,EMB32_ensemble
2023-10,VW,0.018378880794919793,-0.04368651279193863,-0.06206539358685842,2.2807063199542106,-0.06434609990681263,4506,EMB32_ensemble
2023-11,EW,0.035658644591611464,0.03159050993377484,-0.0040681346578366265,2.0618101545253467,-0.006129944812361973,4534,EMB32_ensemble
2023-11,VW,0.018673292836706306,0.010538057695915674,-0.008135235140790632,2.3138070757646427,-0.010449042216555274,4534,EMB32_ensemble
2023-12,EW,-0.01951573846153846,-0.01316143956043956,0.006354298901098902,1.9912087912088003,0.004363090109890101,4558,EMB32_ensemble
2023-12,VW,-0.033113974976932914,-0.00813551046364348,0.024978464513289434,2.036068638287667,0.022942395875001766,4558,EMB32_ensemble
2024-01,EW,-0.24176661220043574,-0.15585016557734208,0.08591644662309367,1.9346405228758112,0.08398180610021785,4591,EMB32_ensemble
2024-01,VW,-0.22150784614583402,-0.11874978941122817,0.10275805673460585,2.301678245872477,0.10045637848873337,4591,EMB32_ensemble
2024-02,EW,0.04624299783549784,0.03667315367965369,-0.009569844155844151,2.406926406926416,-0.011976770562770567,4621,EMB32_ensemble
2024-02,VW,0.06497001579717951,0.09414814745088047,0.029178131653700964,3.3070766551846265,0.025871054998516337,4621,EMB32_ensemble
2024-03,EW,0.01715678448275862,0.09966635344827587,0.08250956896551725,2.10344827586211,0.08040612068965515,4648,EMB32_ensemble
2024-03,VW,0.01392740899377615,0.08796125164888285,0.07403384265510671,3.157898802772951,0.07087594385233376,4648,EMB32_ensemble
2024-04,EW,-0.05844993347639485,0.015025630901287555,0.0734755643776824,2.3090128755364736,0.07116655150214593,4663,EMB32_ensemble
2024-04,VW,-0.0443135367570511,0.025672067708944403,0.0699856044659955,3.166678714118305,0.0668189257518772,4663,EMB32_ensemble
2024-05,EW,-0.02265688387096774,-0.01657888387096774,0.006078,2.6781115879828534,0.0033998884120171467,4659,EMB32_ensemble
2024-05,VW,-0.025965642941915272,-0.025363081685002387,0.0006025612569128848,3.1158785615706592,-0.0025133173046577744,4659,EMB32_ensemble
2024-06,EW,-0.08662526824034335,-0.08492745708154506,0.0016978111587982875,2.2660944206008833,-0.0005682832618025958,4667,EMB32_ensemble
2024-06,VW,-0.07814572392735127,-0.04480719723133444,0.03333852669601683,3.0302459276574742,0.030308280768359355,4667,EMB32_ensemble
2024-07,EW,-0.015863485042735048,0.011107643162393164,0.02697112820512821,2.0341880341880145,0.024936940170940197,4682,EMB32_ensemble
2024-07,VW,-0.024796220703759635,-0.008907391901244345,0.01588882880251529,2.810388735744354,0.013078440066770936,4682,EMB32_ensemble
2024-08,EW,-0.06090401282051283,-0.03440606196581196,0.026497950854700872,2.3418803418803344,0.024156070512820538,4689,EMB32_ensemble
2024-08,VW,-0.07674995755221238,-0.048346982215104306,0.028402975337108075,2.9905806578673824,0.025412394679240693,4689,EMB32_ensemble
2024-09,EW,0.23646404477611938,0.20328154797441364,-0.033182496801705735,2.063965884861412,-0.03524646268656715,4693,EMB32_ensemble
2024-09,VW,0.2057625758630767,0.19977486213979834,-0.0059877137232783595,2.2772638187743426,-0.008264977542052701,4693,EMB32_ensemble
2024-10,EW,0.15224820638297876,0.01947420212765957,-0.13277400425531918,2.2000000000000353,-0.13497400425531922,4700,EMB32_ensemble
2024-10,VW,0.15487148892372019,-0.029139962832171646,-0.18401145175589184,2.7562365418423065,-0.18676768829773416,4700,EMB32_ensemble
2024-11,EW,-0.025182359574468082,0.06481390212765958,0.08999626170212767,1.9191489361702259,0.08807711276595745,4704,EMB32_ensemble
2024-11,VW,-0.0676750651973716,0.019995541644499362,0.08767060684187096,2.5638586579159703,0.08510674818395499,4704,EMB32_ensemble
2024-12,EW,-0.08767716170212767,-0.01584631489361702,0.07183084680851065,2.1957446808510848,0.06963510212765957,4706,EMB32_ensemble
2024-12,VW,-0.09993151083098134,-0.0015972498975681145,0.09833426093341323,2.485180854766749,0.09584908007864648,4706,EMB32_ensemble
2025-01,EW,-0.014341609341825901,-0.00651528450106157,0.00782632484076433,2.259023354564779,0.005567301486199551,4711,EMB32_ensemble
2025-01,VW,-0.00871110549389676,-0.017878966065060075,-0.009167860571163314,2.6737280491933726,-0.011841588620356686,4711,EMB32_ensemble
2025-02,EW,0.10103999363057323,0.08247168152866241,-0.018568312101910817,2.225053078556286,-0.0207933651804671,4717,EMB32_ensemble
2025-02,VW,0.07151405224818227,0.0822977110151305,0.010783658766948229,2.2617823162059074,0.008521876450742321,4717,EMB32_ensemble
2025-03,EW,-0.04402927966101695,0.03162147245762712,0.07565075211864407,2.296610169491561,0.0733541419491525,4723,EMB32_ensemble
2025-03,VW,-0.0659455514019694,0.02391507510813494,0.08986062651010433,2.8855414039474714,0.08697508510615685,4723,EMB32_ensemble
2025-04,EW,-0.016142549682875266,-0.023688196617336163,-0.007545646934460897,2.304439746300237,-0.009850086680761134,4730,EMB32_ensemble
2025-04,VW,-0.017154241913073187,-0.03899369468720526,-0.021839452774132073,2.7991935251182936,-0.024638646299250368,4730,EMB32_ensemble
