period,group,label,weighting,p10_p1_gross,p1_mean,p10_mean,net_10bp,turnover,rank_ic,r2,months,n_test,mean_leg_stocks,annual_sharpe,ew_p10_p1_gross,ff3_alpha,ff3_alpha_t
test,M1,M1,EW,-0.0017312642705247943,-0.004098539542398564,-0.005829803812923359,-0.0026175959004654473,0.8863316299406521,-0.002624278362654435,0.0009966643750551896,21,4381,20.428571428571427,-0.21740466892222488,-0.0017312642705247943,-0.002763859648387603,-0.5938749667376
test,M1,M1,VW,0.0014387292860945267,-0.0037536258735637188,-0.002314896587469191,0.0008219974932496847,0.6167317928448414,-0.002624278362654435,0.0009966643750551896,21,4381,20.428571428571427,0.1760171484496942,,0.004754628095002566,0.883981087903267
validation,M1,M1,EW,0.007949192532467534,-0.0065960578769057015,0.0013531346555618333,0.006992953119706382,0.9562394127611515,-0.000952826303318467,7.583826651758052e-05,14,3098,21.785714285714285,0.6486097894780939,0.007949192532467534,0.013633473253867759,2.049379639568287
validation,M1,M1,VW,0.0031452577191837697,-0.004589643265216584,-0.0014443855460328134,0.00248840167127385,0.65685604790992,-0.000952826303318467,7.583826651758052e-05,14,3098,21.785714285714285,0.30660601512498187,,0.0060985140230511905,0.8352913620896396
test,M2,M2,EW,0.006580793525299542,-0.012502450701428898,-0.00592165717612936,0.005340966323818206,1.239827201481337,0.05315594649866225,0.0016567049388130917,21,4381,20.428571428571427,0.5157593484251185,0.006580793525299542,0.003239895343638941,0.5933712105848911
test,M2,M2,VW,0.004201858487104955,-0.011370873676882639,-0.007169015189777685,0.003062494404906389,1.1393640821985673,0.05315594649866225,0.0016567049388130917,21,4381,20.428571428571427,0.24763033078531005,,0.0016179666606416674,0.16128728620044214
validation,M2,M2,EW,0.017983150155279497,-0.0154370959486166,0.002546054206662902,0.01675364704968944,1.229503105590062,0.026263436430704352,0.00015806470271872985,14,3098,21.785714285714285,1.3118648647938487,0.017983150155279497,0.019643348616355655,2.741408574646121
validation,M2,M2,VW,0.017571441326363003,-0.015719616820689224,0.001851824505673777,0.01640648892496412,1.1649524013988795,0.026263436430704352,0.00015806470271872985,14,3098,21.785714285714285,0.745765819748151,,0.024461487887895667,2.1859793119433935
test,M3,M3,EW,0.0018529956064403399,0.0010342098787734138,0.0028872054852137523,0.000880949690785401,0.9720459156549384,-0.028616805550677256,0.0009966638168525943,21,4381,20.428571428571427,0.09154412143040953,0.0018529956064403399,0.025720642889004684,2.068274569961642
test,M3,M3,VW,-0.007113619079279571,0.005094931379850448,-0.0020186876994291243,-0.008190306404542283,1.0766873252627105,-0.028616805550677256,0.0009966638168525943,21,4381,20.428571428571427,-0.3164272298413178,,0.016834082240685513,1.2673233490622797
validation,M3,M3,EW,-0.002799922811970639,0.004096997628458497,0.0012970748164878585,-0.0038843101637492947,1.0843873517786558,-0.013891081886907396,7.583781412490165e-05,14,3098,21.785714285714285,-0.16757337449792958,-0.002799922811970639,-0.003948948687809379,-0.811787064783903
validation,M3,M3,VW,-0.007624541625789778,0.007895196482129758,0.0002706548563399822,-0.008812423648934318,1.1878820231445382,-0.013891081886907396,7.583781412490165e-05,14,3098,21.785714285714285,-0.3822943870727987,,-0.009497501244984738,-1.3855272413520827
test,M4,M4,EW,0.018633615550962553,-0.020398556998376175,-0.0017649414474136273,0.017307618740755207,1.3259968102073367,0.07250628418857448,0.000996673429494499,21,4381,20.428571428571427,1.1497912585430674,0.018633615550962553,0.018708443357369976,3.2260692125985817
test,M4,M4,VW,0.02158268769697661,-0.024350474725368807,-0.002767787028392196,0.02038802305917527,1.1946646378013466,0.07250628418857448,0.000996673429494499,21,4381,20.428571428571427,1.1784973627973423,,0.014345438289626113,2.570307937416042
validation,M4,M4,EW,0.00914960931677018,-0.00422861264822134,0.00492099666854884,0.007647604799548272,1.502004517221908,0.022518642588497607,7.583661613030923e-05,14,3098,21.785714285714285,0.7301902925041478,0.00914960931677018,0.006000940405257094,0.8204802459350048
validation,M4,M4,VW,0.010166217529277674,-0.007818212265776189,0.0023480052635014848,0.008760140166885585,1.406077362392087,0.022518642588497607,7.583661613030923e-05,14,3098,21.785714285714285,0.5282421505086511,,0.013823431549765156,1.8308663192288666
test,M5,M5,EW,0.02270337515270861,-0.021559630993609562,0.0011437441590990472,0.021446118736053697,1.257256416654913,0.0804689755151178,0.003087008777943656,21,4381,20.428571428571427,1.130865312347065,0.02270337515270861,0.015473473312050906,2.823122401729562
test,M5,M5,VW,0.0317644863750682,-0.02432082777404214,0.007443658601026064,0.03030652825274947,1.457958122318724,0.0804689755151178,0.003087008777943656,21,4381,20.428571428571427,1.1723307965904364,,0.024149537063629354,4.0242369046125965
validation,M5,M5,EW,0.026919779291360812,-0.010523107255787688,0.016396672035573122,0.025462325875211744,1.4574534161490682,0.05696238524138954,0.0006751031664539164,14,3098,21.785714285714285,1.608852262875394,0.026919779291360812,0.021854011942683414,2.901169351484279
validation,M5,M5,VW,0.027308632908476297,-0.008628925227922133,0.018679707680554165,0.025715999994431863,1.5926329140444329,0.05696238524138954,0.0006751031664539164,14,3098,21.785714285714285,1.391641839532214,,0.021185724891787057,1.8801586243973099
