period,group,outcome_month,weighting,p1,p10,spread,stocks,n_leg,turnover,net_spread
test,M1,2023-04,EW,-0.003640636363636362,-0.023279,-0.019638363636363638,224,22,1.999999999999999,-0.021638363636363636
test,M1,2023-04,VW,-0.000983924506572347,-0.013030569381534886,-0.012046644874962539,224,22,2.0,-0.014046644874962539
test,M1,2023-05,EW,-0.03802118181818182,-0.0172205,0.020800681818181822,224,22,0.0,0.020800681818181822
test,M1,2023-05,VW,-0.06070287275522161,-0.04300563135615912,0.017697241399062494,224,22,0.10112496278693217,0.017596116436275563
test,M1,2023-06,EW,0.009997409090909092,0.02388740909090909,0.01389,224,22,0.0,0.01389
test,M1,2023-06,VW,0.03232507781759849,0.03964944860793678,0.0073243707903382915,224,22,0.09863287402456003,0.007225737916313732
test,M1,2023-07,EW,0.033612409090909096,0.053622181818181826,0.02000977272727273,224,22,2.2727272727272716,0.017737045454545457
test,M1,2023-07,VW,0.07680184120638074,0.06211797197290483,-0.014683869233475914,224,22,1.2783683455085146,-0.01596223757898443
test,M1,2023-08,EW,-0.05190436363636364,-0.06068213636363637,-0.008777772727272731,224,22,0.0,-0.008777772727272731
test,M1,2023-08,VW,-0.01958992194333443,-0.062069595465161075,-0.04247967352182665,224,22,0.10942746096190692,-0.04258910098278856
test,M1,2023-09,EW,-0.028884772727272728,-0.012286181818181818,0.01659859090909091,223,22,0.09090909090909091,0.01650768181818182
test,M1,2023-09,VW,-0.04580328961592583,-0.01530930426087126,0.03049398535505457,223,22,0.08231903432111015,0.03041166632073346
test,M1,2023-10,EW,-0.03150828571428572,-0.047900952380952364,-0.016392666666666646,218,21,2.727272727272726,-0.019119939393939373
test,M1,2023-10,VW,-0.055711317503030953,-0.026982928160226592,0.02872838934280436,218,21,1.398696762300665,0.027329692580503696
test,M1,2023-11,EW,-0.009292571428571428,-0.014162761904761902,-0.004870190476190474,219,21,0.09523809523809523,-0.004965428571428569
test,M1,2023-11,VW,0.021149206433456944,-0.015672579340889337,-0.03682178577434628,219,21,0.11669685821335796,-0.03693848263255964
test,M1,2023-12,EW,-0.040885904761904755,-0.04287704761904762,-0.001991142857142865,219,21,0.0,-0.001991142857142865
test,M1,2023-12,VW,-0.030862737430025666,-0.018328498205004123,0.012534239225021542,219,21,0.09783657092543531,0.012436402654096106
test,M1,2024-01,EW,-0.15068309523809523,-0.07074914285714286,0.07993395238095237,214,21,3.2380952380952355,0.07669585714285714
test,M1,2024-01,VW,-0.06111305454509726,-0.052282117111726444,0.008830937433370815,214,21,1.8865784105091037,0.006944359022861711
test,M1,2024-02,EW,0.13117423809523807,0.11271590476190477,-0.0184583333333333,214,21,0.0,-0.0184583333333333
test,M1,2024-02,VW,0.05949902616721076,0.09739002798738955,0.03789100182017879,214,21,0.1335032311660235,0.03775749858901276
test,M1,2024-03,EW,-0.019790190476190475,-0.01868614285714286,0.0011040476190476156,214,21,0.0,0.0011040476190476156
test,M1,2024-03,VW,-0.003843817004755492,-0.004388789447427753,-0.0005449724426722616,214,21,0.04662634284624814,-0.0005915987855185098
test,M1,2024-04,EW,0.024098900000000003,-0.017686900000000002,-0.041785800000000005,204,20,2.857142857142856,-0.04464294285714286
test,M1,2024-04,VW,0.006183355180832921,0.015211655325564368,0.009028300144731447,204,20,1.8253184359447268,0.00720298170878672
test,M1,2024-05,EW,0.013678300000000001,-0.019475200000000005,-0.0331535,204,20,0.0,-0.0331535
test,M1,2024-05,VW,-0.022962586491055963,-0.0263168630729498,-0.003354276581893835,204,20,0.08245628684710773,-0.0034367328687409425
test,M1,2024-06,EW,-0.08013745000000001,-0.06926310000000001,0.010874350000000005,204,20,0.0,0.010874350000000005
test,M1,2024-06,VW,-0.08220091518379136,-0.049906586509960826,0.03229432867383053,204,20,0.06644595580612345,0.03222788271802441
test,M1,2024-07,EW,0.024299210526315788,-0.01939078947368421,-0.04368999999999999,192,19,2.6999999999999984,-0.046389999999999994
test,M1,2024-07,VW,-0.016188152565707017,-0.017117173290118207,-0.0009290207244111899,192,19,1.4870035687641623,-0.002416024293175352
test,M1,2024-08,EW,-0.04860931578947369,-0.04932926315789472,-0.0007199473684210353,192,19,0.0,-0.0007199473684210353
test,M1,2024-08,VW,-0.004518459552488272,-0.026229340823590866,-0.021710881271102593,192,19,0.07544580466160558,-0.021786327075764198
test,M1,2024-09,EW,0.22121852631578948,0.24226663157894737,0.021048105263157896,192,19,0.0,0.021048105263157896
test,M1,2024-09,VW,0.20758351722133064,0.21727378599160133,0.009690268770270682,192,19,0.07933910228451838,0.009610929667986164
test,M1,2024-10,EW,-0.025787611111111112,-0.011618555555555559,0.014169055555555553,184,18,2.6315789473684212,0.01153747660818713
test,M1,2024-10,VW,-0.09643084136007664,-0.04977164594377967,0.04665919541629697,184,18,1.812939372510893,0.04484625604378607
test,M1,2024-11,EW,0.000811555555555556,-0.003021055555555558,-0.003832611111111114,184,18,0.0,-0.003832611111111114
test,M1,2024-11,VW,-0.0022180258160959666,-0.005256933274890264,-0.0030389074587942977,184,18,0.12032774846340549,-0.003159235207257703
test,M1,2024-12,EW,-0.015814500000000002,-0.05728927777777778,-0.04147477777777778,184,18,0.0,-0.04147477777777778
test,M1,2024-12,VW,0.020761748901530232,-0.05458716257795965,-0.07534891147948988,184,18,0.05228052089527023,-0.07540119200038516
validation,M1,2022-02,EW,-0.018188772727272727,-0.011863999999999998,0.006324772727272729,221,22,1.999999999999999,0.004324772727272731
validation,M1,2022-02,VW,-0.0568386260931253,-0.02770577297771081,0.02913285311541449,221,22,2.0000000000000004,0.02713285311541449
validation,M1,2022-03,EW,-0.12553209090909093,-0.09092927272727272,0.03460281818181821,221,22,0.0,0.03460281818181821
validation,M1,2022-03,VW,-0.05530275097457451,-0.12257183030793553,-0.06726907933336101,221,22,0.08351982757644397,-0.06735259916093746
validation,M1,2022-04,EW,-0.1058751304347826,-0.02883060869565217,0.07704452173913043,234,23,2.695652173913045,0.07434886956521738
validation,M1,2022-04,VW,-0.03811437569431522,0.0066284019898181674,0.044742777684133386,234,23,1.4389191335395928,0.04330385855059379
validation,M1,2022-05,EW,0.12286560869565218,0.03736017391304349,-0.08550543478260869,234,23,0.0,-0.08550543478260869
validation,M1,2022-05,VW,0.01566476261910797,0.014622216875714569,-0.0010425457433933995,234,23,0.1853157862892909,-0.0012278615296826905
validation,M1,2022-06,EW,0.10417834782608697,0.14392426086956522,0.039745913043478256,234,23,0.0,0.039745913043478256
validation,M1,2022-06,VW,0.16346099286986807,0.15822557238345264,-0.005235420486415426,234,23,0.09517092434013523,-0.0053305914107555615
validation,M1,2022-07,EW,-0.07006309090909092,-0.10365104545454544,-0.03358795454545452,222,22,2.7826086956521747,-0.03637056324110669
validation,M1,2022-07,VW,-0.06174381083249426,-0.08978767682974928,-0.028043865997255023,222,22,1.5334679692643864,-0.02957733396651941
validation,M1,2022-08,EW,-0.0063407272727272704,-0.03250668181818182,-0.026165954545454555,223,22,0.09090909090909091,-0.026256863636363644
validation,M1,2022-08,VW,-0.002394955479058696,-0.02367307393714717,-0.021278118458088476,223,22,0.08712494165030717,-0.021365243399738783
validation,M1,2022-09,EW,-0.05668004545454546,-0.025673954545454545,0.031006090909090917,223,22,0.0,0.031006090909090917
validation,M1,2022-09,VW,-0.059190244662675126,-0.021524496333334205,0.03766574832934092,223,22,0.10814074845869937,0.037557607580882224
validation,M1,2022-10,EW,-0.04556068181818182,-0.06101754545454546,-0.015456863636363644,223,22,2.8181818181818166,-0.01827504545454546
validation,M1,2022-10,VW,-0.18605756591636652,-0.10188354720710191,0.08417401870926461,223,22,1.2761468690572786,0.08289787184020733
validation,M1,2022-11,EW,0.09024195454545454,0.11464768181818183,0.024405727272727287,223,22,0.0,0.024405727272727287
validation,M1,2022-11,VW,0.11739709178263559,0.11725620147982002,-0.0001408903028155689,223,22,0.26134955086475314,-0.00040223985368032205
validation,M1,2022-12,EW,-0.025375181818181818,0.05254522727272727,0.07792040909090908,223,22,0.0,0.07792040909090908
validation,M1,2022-12,VW,0.04798978653580165,0.053107890820532286,0.005118104284730633,223,22,0.13930066889939755,0.004978803615831235
validation,M1,2023-01,EW,0.06687740000000003,0.06096515,-0.005912250000000029,206,20,2.999999999999997,-0.008912250000000026
validation,M1,2023-01,VW,0.06407356546366635,0.05469642625525277,-0.009377139208413585,206,20,1.8657681350360702,-0.011242907343449654
validation,M1,2023-02,EW,-0.0031822499999999997,0.001501249999999998,0.0046834999999999976,206,20,0.0,0.0046834999999999976
validation,M1,2023-02,VW,-0.011757948967167486,-0.012606257875045556,-0.0008483089078780703,206,20,0.05672796587633715,-0.0009050368737544075
validation,M1,2023-03,EW,-0.019710150000000003,-0.03752675,-0.017816599999999995,205,20,0.0,-0.017816599999999995
validation,M1,2023-03,VW,-0.0014409263643346516,-0.025005451981025356,-0.023564525616690705,205,20,0.0650321498861876,-0.02362955776657689
test,M2,2023-04,EW,-0.08419445454545453,-0.032675136363636365,0.051519318181818166,224,22,1.999999999999999,0.049519318181818164
test,M2,2023-04,VW,-0.051143458323615054,-0.047161927633502986,0.003981530690112069,224,22,2.0,0.0019815306901120686
test,M2,2023-05,EW,-0.02889609090909091,-0.03359731818181818,-0.00470122727272727,224,22,0.7272727272727272,-0.0054284999999999976
test,M2,2023-05,VW,-0.03130599309107275,-0.05302388105169428,-0.021717887960621532,224,22,0.8728901947971458,-0.022590778155418677
test,M2,2023-06,EW,0.01550727272727273,0.01234772727272727,-0.00315954545454546,224,22,0.45454545454545464,-0.003614090909090915
test,M2,2023-06,VW,0.022788806066870615,0.03258876385745566,0.009799957790585047,224,22,0.7216085974772498,0.009078349193107797
test,M2,2023-07,EW,-0.010278727272727271,0.013807,0.024085727272727273,224,22,2.09090909090909,0.02199481818181818
test,M2,2023-07,VW,-0.03285756920300535,0.06194635384606498,0.09480392304907033,224,22,1.767787155706368,0.09303613589336396
test,M2,2023-08,EW,-0.0633625,-0.07095290909090908,-0.007590409090909078,224,22,0.9090909090909088,-0.008499499999999986
test,M2,2023-08,VW,-0.08136381420629826,-0.05757587888065018,0.02378793532564808,224,22,1.2025048069281181,0.022585430518719963
test,M2,2023-09,EW,-0.0398734090909091,-0.012354045454545453,0.027519363636363647,223,22,0.9090909090909088,0.02661027272727274
test,M2,2023-09,VW,-0.042514035829416624,-0.03952046911668102,0.0029935667127356028,223,22,0.9520160035827887,0.002041550709152814
test,M2,2023-10,EW,-0.054273714285714286,-0.0072353809523809515,0.047038333333333335,218,21,2.0909090909090917,0.04494742424242424
test,M2,2023-10,VW,-0.07037809708323202,-0.023513090017817113,0.04686500706541491,218,21,1.6729257627020868,0.04519208130271282
test,M2,2023-11,EW,-0.029944142857142857,0.0031063809523809525,0.03305052380952381,219,21,0.8571428571428574,0.03219338095238095
test,M2,2023-11,VW,-0.028811498568690915,0.032919924937099984,0.0617314235057909,219,21,0.819574661365225,0.06091184884442568
test,M2,2023-12,EW,-0.037383857142857135,-0.05026747619047619,-0.012883619047619053,219,21,1.0476190476190481,-0.0139312380952381
test,M2,2023-12,VW,-0.03125408968757945,-0.036157554124626436,-0.004903464437046985,219,21,1.1813850191311086,-0.006084849456178093
test,M2,2024-01,EW,-0.22139347619047622,-0.1252875238095238,0.09610595238095243,214,21,2.190476190476191,0.09391547619047624
test,M2,2024-01,VW,-0.20554177438137713,-0.1022009943512524,0.10334078003012473,214,21,1.5371376297611798,0.10180364240036355
test,M2,2024-02,EW,0.16711399999999998,0.13289657142857142,-0.034217428571428565,214,21,0.7619047619047621,-0.03497933333333333
test,M2,2024-02,VW,0.19260511123045304,0.08849418003811357,-0.10411093119233947,214,21,0.6037804165016025,-0.10471471160884108
test,M2,2024-03,EW,-0.05007904761904762,-0.02234771428571428,0.02773133333333334,214,21,0.7619047619047621,0.026969428571428578
test,M2,2024-03,VW,-0.037492339472488374,-0.008575645081543142,0.028916694390945234,214,21,0.7000209928925137,0.02821667339805272
test,M2,2024-04,EW,-0.0019553500000000007,0.029801750000000005,0.0317571,204,20,2.190476190476191,0.029566623809523813
test,M2,2024-04,VW,0.01239510339555709,0.00987198774398448,-0.0025231156515726095,204,20,1.5215921319583343,-0.004044707783530944
test,M2,2024-05,EW,0.0193675,-0.02614955,-0.04551705,204,20,0.6,-0.04611705000000001
test,M2,2024-05,VW,-0.019302387373956398,-0.034613070806193594,-0.015310683432237196,204,20,0.8815008265761186,-0.016192184258813316
test,M2,2024-06,EW,-0.08853395000000001,-0.06295010000000001,0.025583850000000005,204,20,0.6,0.024983850000000005
test,M2,2024-06,VW,-0.0438675896308589,-0.07416806948174266,-0.030300479850883764,204,20,0.6078264148992013,-0.030908306265782965
test,M2,2024-07,EW,0.021692947368421048,-0.027739999999999997,-0.04943294736842105,192,19,2.499999999999999,-0.05193294736842105
test,M2,2024-07,VW,0.004454429452928306,-0.01627078519981085,-0.020725214652739157,192,19,1.8078185083222815,-0.02253303316106144
test,M2,2024-08,EW,-0.08206236842105262,-0.025007736842105263,0.05705463157894736,192,19,0.631578947368421,0.056423052631578936
test,M2,2024-08,VW,-0.09570256533142572,-0.0035309015199606773,0.09217166381146505,192,19,0.4904024451474033,0.09168126136631764
test,M2,2024-09,EW,0.3077807368421053,0.2403571052631579,-0.06742363157894737,192,19,0.631578947368421,-0.0680552105263158
test,M2,2024-09,VW,0.3231024755669423,0.23164249049192287,-0.09145998507501946,192,19,0.435945426431399,-0.09189593050145085
test,M2,2024-10,EW,-8.116666666667084e-05,-0.051332555555555555,-0.05125138888888888,184,18,2.5263157894736854,-0.05377770467836257
test,M2,2024-10,VW,-0.0222180745577879,-0.09566577782065208,-0.07344770326286418,184,18,2.3200146706421374,-0.07576771793350631
test,M2,2024-11,EW,0.06332622222222221,0.0024493888888888903,-0.060876833333333324,184,18,0.777777777777778,-0.061654611111111104
test,M2,2024-11,VW,0.08129583807659287,0.001256635982824561,-0.0800392020937683,184,18,0.9136057017256887,-0.08095280779549399
test,M2,2024-12,EW,-0.06502788888888889,-0.011223277777777778,0.05380461111111111,184,18,0.777777777777778,0.05302683333333333
test,M2,2024-12,VW,-0.08167682426307481,-0.017291610796670017,0.06438521346640479,184,18,0.9163083596219614,0.06346890510678282
validation,M2,2022-02,EW,0.029648090909090912,0.020197818181818185,-0.009450272727272727,221,22,1.999999999999999,-0.011450272727272726
validation,M2,2022-02,VW,0.07873468315271676,-0.02034098963055961,-0.09907567278327636,221,22,1.9999999999999996,-0.10107567278327637
validation,M2,2022-03,EW,-0.1281156818181818,-0.0771995909090909,0.05091609090909091,221,22,0.9090909090909088,0.050007
validation,M2,2022-03,VW,-0.1363112849877343,-0.06166805978557227,0.07464322520216202,221,22,0.894457677755375,0.07374876752440664
validation,M2,2022-04,EW,-0.12523452173913044,-0.06341578260869565,0.061818739130434786,234,23,2.3478260869565224,0.05947091304347826
validation,M2,2022-04,VW,-0.10701053953988802,0.03040581448982575,0.13741635402971378,234,23,1.3032227234261116,0.13611313130628766
validation,M2,2022-05,EW,0.10602134782608695,0.032714391304347834,-0.07330695652173912,234,23,0.6086956521739129,-0.07391565217391304
validation,M2,2022-05,VW,0.10516226541610905,-0.004830693540611479,-0.10999295895672054,234,23,0.8398950926652603,-0.1108328540493858
validation,M2,2022-06,EW,0.14731182608695653,0.17456369565217386,0.02725186956521733,234,23,0.869565217391304,0.026382304347826024
validation,M2,2022-06,VW,0.13299181266025054,0.1563142764019282,0.02332246374167765,234,23,0.9361001730223505,0.0223863635686553
validation,M2,2022-07,EW,-0.09438140909090909,-0.08429936363636363,0.010082045454545455,222,22,2.0869565217391295,0.007995088932806326
validation,M2,2022-07,VW,-0.07117593678928713,-0.0823061811667197,-0.011130244377432569,222,22,2.077629035352073,-0.013207873412784642
validation,M2,2022-08,EW,-0.044273,-0.02707490909090909,0.01719809090909091,223,22,0.5454545454545455,0.016652636363636363
validation,M2,2022-08,VW,-0.06544436568561397,-0.014235667112666583,0.05120869857294739,223,22,0.7219781981799595,0.05048672037476743
validation,M2,2022-09,EW,-0.09342404545454545,-0.06934472727272728,0.024079318181818174,223,22,0.45454545454545464,0.02362477272727272
validation,M2,2022-09,VW,-0.11021448259506947,-0.028462954160689693,0.08175152843437977,223,22,0.6152687098462535,0.08113625972453352
validation,M2,2022-10,EW,-0.04895363636363636,-0.047728272727272716,0.0012253636363636425,223,22,2.09090909090909,-0.0008655454545454474
validation,M2,2022-10,VW,-0.07315508105148022,-0.1712748514622992,-0.09811977041081898,223,22,1.6881821952690619,-0.09980795260608805
validation,M2,2022-11,EW,0.04364659090909091,0.13980763636363638,0.09616104545454547,223,22,0.9090909090909088,0.09525195454545456
validation,M2,2022-11,VW,0.003846015405113315,0.13412442834965332,0.13027841294454,223,22,1.0967646811804654,0.12918164826335954
validation,M2,2022-12,EW,-0.044875454545454545,0.031807363636363634,0.07668281818181819,223,22,0.818181818181818,0.07586463636363637
validation,M2,2022-12,VW,-0.05188652818237955,0.053036948180657066,0.10492347636303662,223,22,0.9514791366725914,0.10397199722636402
validation,M2,2023-01,EW,0.12708215,0.05305660000000001,-0.07402555,206,20,2.272727272727273,-0.07629827727272727
validation,M2,2023-01,VW,0.1262066833845746,0.06790614243488842,-0.05830054094968619,206,20,1.803609880485221,-0.06010415083017141
validation,M2,2023-02,EW,-0.04200445,0.0014801500000000006,0.0434846,206,20,0.49999999999999994,0.0429846
validation,M2,2023-02,VW,-0.027241433826277223,-0.012453935724769776,0.014787498101507446,206,20,0.5889637413075242,0.014198534360199922
validation,M2,2023-03,EW,-0.04856715000000001,-0.04892025,-0.00035309999999998815,205,20,0.8000000000000002,-0.0011530999999999883
validation,M2,2023-03,VW,-0.024576442850683496,-0.020288734193631554,0.004287708657051942,205,20,0.791782374422064,0.0034959262826298777
test,M3,2023-04,EW,0.045244954545454553,-0.05106745454545454,-0.0963124090909091,224,22,1.999999999999999,-0.0983124090909091
test,M3,2023-04,VW,0.06890113709075847,-0.033358794472367996,-0.10225993156312646,224,22,1.9999999999999998,-0.10425993156312646
test,M3,2023-05,EW,-0.04960309090909091,-0.012323227272727269,0.03727986363636364,224,22,1.2727272727272723,0.036007136363636366
test,M3,2023-05,VW,-0.05960298269924659,-0.015029500528256974,0.044573482170989616,224,22,1.2654165200782872,0.04330806565091133
test,M3,2023-06,EW,-0.010385318181818183,0.056461000000000004,0.06684631818181819,224,22,0.7272727272727272,0.06611904545454546
test,M3,2023-06,VW,-0.009955158485350217,0.06545492953413351,0.07541008801948373,224,22,0.6790961122747547,0.07473099190720899
test,M3,2023-07,EW,0.0479785,0.009545000000000003,-0.038433499999999995,224,22,1.8181818181818172,-0.04025168181818181
test,M3,2023-07,VW,0.05225044028278282,-0.054145010316802675,-0.1063954505995855,224,22,1.7140930136312957,-0.10810954361321679
test,M3,2023-08,EW,-0.08072549999999999,-0.05762272727272727,0.023102772727272722,224,22,0.7272727272727272,0.022375499999999996
test,M3,2023-08,VW,-0.07447162879077034,-0.05363285888197422,0.020838769908796115,224,22,1.0104822643883216,0.019828287644407794
test,M3,2023-09,EW,-0.050114681818181815,-0.03164168181818182,0.018472999999999996,223,22,0.5454545454545455,0.01792754545454545
test,M3,2023-09,VW,-0.05097177832293917,-0.03222147203597684,0.01875030628696233,223,22,0.5844344369111649,0.018165871850051165
test,M3,2023-10,EW,-0.020942428571428574,-0.04325947619047619,-0.022317047619047615,218,21,0.9999999999999994,-0.023317047619047616
test,M3,2023-10,VW,-0.04337718663777264,-0.03423702481002843,0.009140161827744207,218,21,1.3850551071091548,0.007755106720635053
test,M3,2023-11,EW,-0.01693452380952381,0.00047690476190476107,0.01741142857142857,219,21,0.9523809523809528,0.016459047619047616
test,M3,2023-11,VW,-0.02507138056330345,0.014153565010718221,0.039224945574021675,219,21,1.2716010523774772,0.0379533445216442
test,M3,2023-12,EW,-0.024138333333333335,-0.006187380952380955,0.01795095238095238,219,21,1.4285714285714295,0.01652238095238095
test,M3,2023-12,VW,-0.013243830827520908,-0.01815110928227542,-0.004907278454754513,219,21,1.6138259068085072,-0.006521104361563021
test,M3,2024-01,EW,-0.003184428571428573,-0.18654104761904763,-0.18335661904761907,214,21,0.6666666666666667,-0.18402328571428575
test,M3,2024-01,VW,0.01022685106880779,-0.19319373228624515,-0.20342058335505295,214,21,0.5493686226006752,-0.20396995197765364
test,M3,2024-02,EW,0.06722595238095237,0.24932933333333335,0.182103380952381,214,21,0.9523809523809528,0.18115100000000003
test,M3,2024-02,VW,0.06760918270035253,0.22941071414653974,0.1618015314461872,214,21,1.1348258359652081,0.16066670561022198
test,M3,2024-03,EW,-0.004709857142857143,0.04165038095238095,0.04636023809523809,214,21,0.5714285714285714,0.04578880952380952
test,M3,2024-03,VW,-0.003815851910371385,0.05069541081679048,0.05451126272716186,214,21,0.5907760802206595,0.053920486646941206
test,M3,2024-04,EW,-0.001506050000000001,-0.0005883500000000026,0.0009176999999999984,204,20,0.9523809523809526,-3.46809523809542e-05
test,M3,2024-04,VW,0.007274759612858659,0.0038495752003145567,-0.0034251844125441026,204,20,0.7888999397626923,-0.004214084352306795
test,M3,2024-05,EW,0.02592015,-0.046389,-0.07230915,204,20,1.0000000000000002,-0.07330915
test,M3,2024-05,VW,0.019702112265155367,-0.0773535818919631,-0.09705569415711847,204,20,1.1556090073734444,-0.09821130316449192
test,M3,2024-06,EW,-0.02195875,0.0033276500000000027,0.0252864,204,20,0.6,0.0246864
test,M3,2024-06,VW,-0.018080006401675387,0.012199958275018984,0.03027996467669437,204,20,0.72683354315747,0.0295531311335369
test,M3,2024-07,EW,-0.004370105263157896,-0.0025311578947368393,0.0018389473684210563,192,19,0.9000000000000005,0.0009389473684210558
test,M3,2024-07,VW,0.01285565452127575,-0.0033843342274082902,-0.01623998874868404,192,19,0.6701373726967699,-0.01691012612138081
test,M3,2024-08,EW,-0.043032368421052625,-0.07469110526315789,-0.03165873684210527,192,19,0.5263157894736842,-0.032185052631578955
test,M3,2024-08,VW,-0.021412062731729572,-0.06330597790262171,-0.04189391517089214,192,19,0.6474832076430239,-0.04254139837853516
test,M3,2024-09,EW,0.20149684210526317,0.17748921052631575,-0.02400763157894742,192,19,0.5263157894736842,-0.024533947368421103
test,M3,2024-09,VW,0.1926268066909877,0.17790896753523633,-0.014717839155751367,192,19,1.16988005044295,-0.015887719206194317
test,M3,2024-10,EW,-0.039447722222222224,0.04312022222222221,0.08256794444444443,184,18,1.5789473684210527,0.08098899707602338
test,M3,2024-10,VW,-0.04898780214414427,-0.011888194828205965,0.0370996073159383,184,18,1.8429468506242066,0.035256660465314095
test,M3,2024-11,EW,0.0024878333333333336,0.02281761111111111,0.020329777777777776,184,18,0.8888888888888892,0.019440888888888886
test,M3,2024-11,VW,-0.0018040433652394135,0.046206938272956334,0.04801098163819575,184,18,1.3176094719431513,0.0466933721662526
test,M3,2024-12,EW,0.0024173333333333343,-0.030743388888888883,-0.033160722222222216,184,18,0.777777777777778,-0.033938499999999996
test,M3,2024-12,VW,0.046340327623943675,-0.05237090901559296,-0.09871123663953663,184,18,0.4920594345077128,-0.09920329607404434
validation,M3,2022-02,EW,-0.0011518636363636332,0.05740463636363636,0.05855649999999999,221,22,1.999999999999999,0.05655649999999999
validation,M3,2022-02,VW,0.02759376642961456,0.06745943664190766,0.039865670212293106,221,22,2.0,0.037865670212293104
validation,M3,2022-03,EW,-0.06295859090909091,-0.12449936363636364,-0.061540772727272736,221,22,0.7272727272727272,-0.062268045454545465
validation,M3,2022-03,VW,-0.06311626145020723,-0.12540044721178498,-0.06228418576157775,221,22,0.9420471472199067,-0.06322623290879766
validation,M3,2022-04,EW,-0.015774,-0.10660082608695653,-0.09082682608695654,234,23,1.130434782608695,-0.09195726086956524
validation,M3,2022-04,VW,-0.004570251798042716,-0.09450182960897496,-0.08993157781093225,234,23,1.2522068811654026,-0.09118378469209765
validation,M3,2022-05,EW,0.012355391304347828,0.11355608695652175,0.10120069565217392,234,23,0.869565217391304,0.10033113043478262
validation,M3,2022-05,VW,-1.804086877619105e-05,0.12165435138508282,0.12167239225385901,234,23,1.1276487626527967,0.12054474349120621
validation,M3,2022-06,EW,0.09041373913043478,0.11643169565217389,0.026017956521739105,234,23,0.7826086956521736,0.025235347826086933
validation,M3,2022-06,VW,0.07555768698615516,0.07427695915181272,-0.0012807278343424378,234,23,1.2178250471414682,-0.002498552881483906
validation,M3,2022-07,EW,-0.045280181818181824,0.0057397272727272765,0.0510199090909091,222,22,1.826086956521738,0.04919382213438736
validation,M3,2022-07,VW,-0.033681064983040486,0.006337644000060212,0.0400187089831007,222,22,2.0826191816122774,0.03793608980148842
validation,M3,2022-08,EW,-0.0019172727272727282,-0.04710927272727272,-0.045191999999999996,223,22,0.9090909090909088,-0.046101090909090904
validation,M3,2022-08,VW,0.005882196507524102,-0.08666707292645316,-0.09254926943397726,223,22,1.1606145610915917,-0.09370988399506885
validation,M3,2022-09,EW,-0.045589272727272735,-0.05843086363636364,-0.012841590909090907,223,22,0.9090909090909088,-0.013750681818181815
validation,M3,2022-09,VW,-0.021353448673326465,-0.0483811995335524,-0.02702775086022594,223,22,0.8928863197095098,-0.02792063717993545
validation,M3,2022-10,EW,-0.09326445454545454,-0.034399,0.05886545454545454,223,22,1.0909090909090906,0.057774545454545446
validation,M3,2022-10,VW,-0.09133527227264512,-0.0033136687967198824,0.08802160347592525,223,22,0.9408799711499947,0.08708072350477525
validation,M3,2022-11,EW,0.1712795909090909,0.06980959090909092,-0.10146999999999998,223,22,0.9090909090909088,-0.10237909090909089
validation,M3,2022-11,VW,0.14507665815871115,0.006966551803798633,-0.13811010635491253,223,22,0.8922052264084863,-0.139002311581321
validation,M3,2022-12,EW,-0.027381318181818187,-0.012296863636363639,0.015084454545454548,223,22,1.2727272727272723,0.013811727272727276
validation,M3,2022-12,VW,-0.03334167336260081,-0.02697261395599841,0.006369059406602404,223,22,1.3341180564595438,0.00503494135014286
validation,M3,2023-01,EW,0.0440516,0.05908205000000001,0.015030450000000008,206,20,1.4545454545454553,0.013575904545454553
validation,M3,2023-01,VW,0.04121883485933319,0.07397270831052306,0.03275387345118987,206,20,1.3804649451805682,0.0313734085060093
validation,M3,2023-02,EW,0.029970200000000002,-0.006394950000000001,-0.036365150000000006,206,20,0.9000000000000002,-0.037265150000000004
validation,M3,2023-02,VW,0.02076253915954652,-2.3325070744688957e-05,-0.020785864230291207,206,20,0.908312492601273,-0.02169417672289248
validation,M3,2023-03,EW,0.002604399999999997,-0.0141336,-0.016737999999999996,205,20,0.39999999999999997,-0.017137999999999997
validation,M3,2023-03,VW,0.04185708205757096,0.0383816737998031,-0.003475408257767862,205,20,0.4985197316307106,-0.003973927989398572
test,M4,2023-04,EW,-0.08670559090909091,-0.03818518181818182,0.04852040909090909,224,22,1.999999999999999,0.04652040909090909
test,M4,2023-04,VW,-0.08979216515811647,-0.026972699545176945,0.06281946561293952,224,22,2.0000000000000004,0.06081946561293952
test,M4,2023-05,EW,-0.06227509090909091,-0.04729577272727273,0.014979318181818184,224,22,1.2727272727272723,0.013706590909090911
test,M4,2023-05,VW,-0.07127983963475164,-0.061940422266674545,0.009339417368077092,224,22,1.1764650654853113,0.00816295230259178
test,M4,2023-06,EW,0.03296586363636364,0.008769363636363636,-0.024196500000000003,224,22,1.363636363636363,-0.025560136363636365
test,M4,2023-06,VW,0.0520107636628069,0.037558232345079226,-0.014452531317727675,224,22,1.0534466299732235,-0.0155059779477009
test,M4,2023-07,EW,0.0005589090909090901,0.02926631818181819,0.0287074090909091,224,22,1.454545454545454,0.027252863636363645
test,M4,2023-07,VW,-0.019430359055289705,0.08426619344949063,0.10369655250478033,224,22,0.9890703685287653,0.10270748213625155
test,M4,2023-08,EW,-0.05346513636363637,-0.07395795454545455,-0.02049281818181818,224,22,0.9090909090909088,-0.02140190909090909
test,M4,2023-08,VW,-0.07682484475729041,-0.036078536732793764,0.04074630802449665,224,22,0.7833807613180098,0.03996292726317864
test,M4,2023-09,EW,-0.08174204545454547,-0.004729090909090909,0.07701295454545456,223,22,0.9090909090909088,0.07610386363636365
test,M4,2023-09,VW,-0.08730087314780025,-0.02689133946682892,0.06040953368097132,223,22,0.8187361878040196,0.0595907974931673
test,M4,2023-10,EW,-0.06204838095238095,-0.028240190476190474,0.03380819047619048,218,21,0.9999999999999991,0.03280819047619048
test,M4,2023-10,VW,-0.08001844430465176,-0.0487824184186881,0.031236025885963657,218,21,0.8029801969345234,0.030433045689029135
test,M4,2023-11,EW,-0.03474190476190476,0.0015550476190476193,0.03629695238095238,219,21,0.8571428571428574,0.035439809523809526
test,M4,2023-11,VW,-0.032082043033001315,0.006210916273540517,0.038292959306541835,219,21,1.9987250243039003,0.036294234282237936
test,M4,2023-12,EW,-0.02173833333333333,-0.027838523809523816,-0.006100190476190485,219,21,1.5238095238095248,-0.007624000000000009
test,M4,2023-12,VW,-0.0016556728641793968,-0.02022361518806219,-0.018567942323882793,219,21,2.647744970212698,-0.02121568729409549
test,M4,2024-01,EW,-0.2304504285714286,-0.12049347619047616,0.10995695238095245,214,21,1.0476190476190481,0.1089093333333334
test,M4,2024-01,VW,-0.23632114544859056,-0.08032702484269894,0.15599412060589163,214,21,0.8251379233196523,0.15516898268257198
test,M4,2024-02,EW,0.14578004761904761,0.1691837619047619,0.023403714285714278,214,21,1.4285714285714295,0.02197514285714285
test,M4,2024-02,VW,0.1483680396487209,0.08868447298203094,-0.05968356666668995,214,21,1.2951277950602702,-0.060978694461750214
test,M4,2024-03,EW,-0.07269976190476189,-0.019848761904761904,0.05285099999999999,214,21,1.2380952380952388,0.05161290476190475
test,M4,2024-03,VW,-0.0719504862124763,-0.006939220378000643,0.06501126583447565,214,21,1.087328017291976,0.06392393781718368
test,M4,2024-04,EW,-0.014219899999999999,-0.0036553000000000006,0.010564599999999999,204,20,1.2380952380952386,0.00932650476190476
test,M4,2024-04,VW,-0.03205984274380168,0.015986164690368208,0.04804600743416988,204,20,0.759120234317151,0.04728688719985273
test,M4,2024-05,EW,-0.010128749999999999,-0.033153,-0.023024250000000003,204,20,1.7000000000000008,-0.024724250000000003
test,M4,2024-05,VW,-0.007753084820409719,-0.030417864962901376,-0.022664780142491656,204,20,1.1895833512181728,-0.02385436349370983
test,M4,2024-06,EW,-0.11220269999999999,0.023556400000000005,0.1357591,204,20,0.9000000000000002,0.13485909999999998
test,M4,2024-06,VW,-0.11675327369132286,-0.0322021406870166,0.08455113300430626,204,20,0.8969493409379554,0.08365418366336831
test,M4,2024-07,EW,0.01606294736842105,-0.014537631578947366,-0.030600578947368416,192,19,1.5999999999999992,-0.03220057894736841
test,M4,2024-07,VW,0.027833246409729666,-0.028216359685590088,-0.056049606095319754,192,19,1.2064695457887518,-0.0572560756411085
test,M4,2024-08,EW,-0.08214963157894736,-0.03294368421052632,0.049205947368421044,192,19,1.1578947368421046,0.048048052631578936
test,M4,2024-08,VW,-0.0637026526465468,-1.8338183474631236e-05,0.06368431446307217,192,19,1.0650543535616221,0.06261926010951055
test,M4,2024-09,EW,0.3070445789473684,0.1752556842105263,-0.1317888947368421,192,19,1.4736842105263148,-0.13326257894736843
test,M4,2024-09,VW,0.29829538591964344,0.17049288612152316,-0.12780249979812028,192,19,1.1090830838039993,-0.12891158288192428
test,M4,2024-10,EW,-0.02959561111111111,-0.026221722222222223,0.003373888888888888,184,18,2.1052631578947367,0.0012686257309941513
test,M4,2024-10,VW,-0.04632515376887561,-0.09040566329379604,-0.04408050952492043,184,18,1.4691682357885991,-0.04554967776070903
test,M4,2024-11,EW,0.03648738888888889,-0.013908111111111109,-0.050395499999999996,184,18,1.1111111111111114,-0.05150661111111111
test,M4,2024-11,VW,0.014068655380464801,-0.008988767590717702,-0.023057422971182504,184,18,0.9024602839139771,-0.02395988325509648
test,M4,2024-12,EW,-0.013106166666666665,0.040358055555555564,0.05346422222222223,184,18,1.555555555555556,0.05190866666666668
test,M4,2024-12,VW,-0.018686178967006174,0.03708201778415166,0.055768196751157836,184,18,1.0119260242657038,0.05475627072689213
validation,M4,2022-02,EW,0.002647954545454543,0.0394505,0.036802545454545456,221,22,1.999999999999999,0.034802545454545454
validation,M4,2022-02,VW,0.022017052084975335,-0.014978526104175745,-0.03699557818915108,221,22,1.9999999999999993,-0.03899557818915108
validation,M4,2022-03,EW,-0.10231640909090908,-0.11041168181818183,-0.008095272727272743,221,22,1.3636363636363629,-0.009458909090909105
validation,M4,2022-03,VW,-0.09071532013689786,-0.0628812099000357,0.02783411023686215,221,22,1.7089939255423905,0.02612511631131976
validation,M4,2022-04,EW,-0.0855502608695652,-0.09470456521739129,-0.00915430434782609,234,23,1.5652173913043468,-0.010719521739130437
validation,M4,2022-04,VW,-0.09623175424022841,0.02048507728847563,0.11671683152870405,234,23,1.6654627069794647,0.11505136882172458
validation,M4,2022-05,EW,0.09250595652173912,0.11806078260869567,0.025554826086956542,234,23,1.7391304347826078,0.023815695652173934
validation,M4,2022-05,VW,0.08996960410623961,0.029847541224936356,-0.060122062881303256,234,23,1.5226052411261206,-0.06164466812242938
validation,M4,2022-06,EW,0.20757100000000003,0.15137660869565217,-0.05619439130434786,234,23,1.3913043478260863,-0.057585695652173946
validation,M4,2022-06,VW,0.1907021155949077,0.14539807264758356,-0.04530404294732415,234,23,1.3586906488967136,-0.04666273359622087
validation,M4,2022-07,EW,-0.12501163636363635,-0.03152681818181819,0.09348481818181817,222,22,2.0869565217391295,0.09139786166007904
validation,M4,2022-07,VW,-0.1128881172392842,-0.05974424022021792,0.05314387701906628,222,22,1.7282518730663063,0.051415625145999976
validation,M4,2022-08,EW,-0.0390204090909091,-0.0042205454545454595,0.03479986363636364,223,22,1.6363636363636356,0.033163500000000005
validation,M4,2022-08,VW,-0.037434010964130654,-0.0018560596978204958,0.03557795126631016,223,22,1.6314427369250495,0.033946508529385105
validation,M4,2022-09,EW,-0.10548559090909089,-0.03860031818181819,0.06688527272727271,223,22,1.0909090909090906,0.06579436363636362
validation,M4,2022-09,VW,-0.11419497532578471,-0.033233625917149255,0.08096134940863545,223,22,0.9462599296773806,0.08001508947895807
validation,M4,2022-10,EW,-0.027952272727272725,-0.055087318181818196,-0.02713504545454547,223,22,1.363636363636363,-0.028498681818181833
validation,M4,2022-10,VW,-0.048558996486824234,-0.19664446220279025,-0.148085465715966,223,22,1.0363411531587008,-0.1491218068691247
validation,M4,2022-11,EW,0.11337327272727273,0.07439313636363634,-0.03898013636363638,223,22,1.1818181818181814,-0.04016195454545456
validation,M4,2022-11,VW,0.08996586888624071,0.11808930992341238,0.028123441037171668,223,22,0.9233753701046408,0.027200065667067026
validation,M4,2022-12,EW,0.006671818181818182,0.001394272727272726,-0.005277545454545457,223,22,1.454545454545454,-0.006732090909090911
validation,M4,2022-12,VW,0.0048386310816419704,0.04812519083406461,0.04328655975242264,223,22,1.3676706471143665,0.04191888910530828
validation,M4,2023-01,EW,0.1257914,0.0706651,-0.0551263,206,20,1.4545454545454544,-0.056580845454545454
validation,M4,2023-01,VW,0.1224514033508689,0.07359592713263684,-0.048855476218232066,206,20,1.0455051364282228,-0.04990098135466029
validation,M4,2023-02,EW,-0.0505811,-0.0161991,0.034381999999999996,206,20,1.3000000000000005,0.03308199999999999
validation,M4,2023-02,VW,-0.06475786884424836,-0.017023537624141633,0.04773433122010673,206,20,1.3556602801938018,0.04637867093991293
validation,M4,2023-03,EW,-0.07184430000000001,-0.03569610000000001,0.036148200000000005,205,20,1.4000000000000006,0.03474820000000001
validation,M4,2023-03,VW,-0.06461860358834245,-0.01630738369575759,0.04831121989258487,205,20,1.3948234242760573,0.046916396468308814
test,M5,2023-04,EW,-0.07486631818181819,-0.005082590909090906,0.06978372727272728,224,22,1.999999999999999,0.06778372727272727
test,M5,2023-04,VW,-0.08128821467434029,-0.021157248523231004,0.060130966151109286,224,22,1.9999999999999996,0.058130966151109284
test,M5,2023-05,EW,-0.054038136363636365,-0.02154622727272728,0.032491909090909085,224,22,1.0909090909090906,0.03140099999999999
test,M5,2023-05,VW,-0.057664183233335296,-0.01190120372977851,0.04576297950355679,224,22,1.6137461224410095,0.04414923338111578
test,M5,2023-06,EW,0.0030342272727272705,0.0032932727272727267,0.00025904545454545624,224,22,0.6363636363636364,-0.00037731818181818016
test,M5,2023-06,VW,0.018483180469037915,0.0066449539285944065,-0.011838226540443508,224,22,0.9665891723210842,-0.012804815712764593
test,M5,2023-07,EW,-0.006762545454545459,0.03152859090909091,0.03829113636363637,224,22,2.09090909090909,0.03620022727272728
test,M5,2023-07,VW,-0.04394703822316012,0.026581124659797093,0.07052816288295721,224,22,1.878800608071824,0.06864936227488538
test,M5,2023-08,EW,-0.07370409090909093,-0.054558499999999996,0.01914559090909093,224,22,0.6363636363636364,0.018509227272727295
test,M5,2023-08,VW,-0.09182558583833318,-0.04176043322034543,0.05006515261798775,224,22,1.4490419847208655,0.04861611063326689
test,M5,2023-09,EW,-0.06276531818181819,-0.005909409090909091,0.056855909090909096,223,22,0.818181818181818,0.05603772727272728
test,M5,2023-09,VW,-0.06702078580022053,0.010236890833024273,0.0772576766332448,223,22,1.188986998971685,0.07606868963427312
test,M5,2023-10,EW,-0.01780595238095238,-0.02595628571428571,-0.008150333333333329,218,21,2.000000000000001,-0.01015033333333333
test,M5,2023-10,VW,-0.012408590925421308,-0.013668921577533235,-0.0012603306521119274,218,21,2.5798145543853908,-0.003840145206497318
test,M5,2023-11,EW,-0.04358595238095237,-0.009147904761904758,0.03443804761904761,219,21,0.9523809523809528,0.03348566666666666
test,M5,2023-11,VW,-0.052873486168023454,-0.009926401272984005,0.04294708489503945,219,21,1.6691227436841687,0.04127796215135528
test,M5,2023-12,EW,-0.014986857142857142,-0.053744666666666656,-0.038757809523809514,219,21,1.1428571428571435,-0.039900666666666654
test,M5,2023-12,VW,0.006222074118245625,-0.023798673391756783,-0.03002074751000241,219,21,1.1362645404297067,-0.031157012050432115
test,M5,2024-01,EW,-0.23134999999999997,0.005329904761904761,0.23667990476190473,214,21,1.7142857142857155,0.234965619047619
test,M5,2024-01,VW,-0.2240845937726872,0.07788958512888125,0.3019741789015684,214,21,1.4379423508383968,0.30053623655073003
test,M5,2024-02,EW,0.1356640476190476,0.11202152380952382,-0.02364252380952378,214,21,1.1428571428571435,-0.024785380952380923
test,M5,2024-02,VW,0.13447228432795355,0.07264884156650409,-0.061823442761449465,214,21,1.2106435511473452,-0.06303408631259681
test,M5,2024-03,EW,-0.06872657142857141,-0.013505619047619046,0.05522095238095237,214,21,0.5714285714285714,0.0546495238095238
test,M5,2024-03,VW,-0.07382765952136267,0.029568634550878815,0.10339629407224148,214,21,0.4782927499167587,0.10291800132232472
test,M5,2024-04,EW,-0.02455935,0.049489099999999994,0.07404844999999999,204,20,2.0000000000000013,0.07204844999999999
test,M5,2024-04,VW,-0.019481044235059773,0.041332830629962077,0.06081387486502185,204,20,2.182934453010229,0.05863094041201162
test,M5,2024-05,EW,-0.0013504999999999982,-0.010872099999999999,-0.009521600000000002,204,20,1.1000000000000003,-0.010621600000000002
test,M5,2024-05,VW,-0.01395299948575777,-0.005196182444032556,0.008756817041725214,204,20,1.3693561807150458,0.007387460861010168
test,M5,2024-06,EW,-0.10351110000000001,-0.0181669,0.08534420000000001,204,20,0.7000000000000001,0.0846442
test,M5,2024-06,VW,-0.1024486795318009,0.0230330488437378,0.1254817283755387,204,20,0.49841047090300566,0.1249833179046357
test,M5,2024-07,EW,0.012298421052631578,-0.049438526315789474,-0.06173694736842105,192,19,1.7999999999999992,-0.06353694736842105
test,M5,2024-07,VW,0.0018156280813779277,-0.05495702290948719,-0.05677265099086511,192,19,1.639399590651511,-0.05841205058151663
test,M5,2024-08,EW,-0.086834,-0.026499684210526314,0.06033431578947368,192,19,0.9473684210526312,0.059386947368421046
test,M5,2024-08,VW,-0.07796854508281131,-0.0040798401483165755,0.07388870493449473,192,19,1.136938889648895,0.07275176604484583
test,M5,2024-09,EW,0.29915957894736844,0.17946031578947366,-0.11969926315789478,192,19,0.9473684210526312,-0.12064663157894741
test,M5,2024-09,VW,0.30713785509328717,0.10607469745836484,-0.20106315763492233,192,19,0.9538840523507481,-0.20201704168727308
test,M5,2024-10,EW,-0.0325205,-0.04602055555555556,-0.013500055555555557,184,18,2.0000000000000004,-0.015500055555555557
test,M5,2024-10,VW,-0.05514659580056533,-0.06055278478212547,-0.005406188981560138,184,18,2.041585887882236,-0.007447774869442375
test,M5,2024-11,EW,0.039417999999999995,-0.011639888888888887,-0.05105788888888888,184,18,1.0000000000000002,-0.05205788888888888
test,M5,2024-11,VW,0.044016585595872654,-0.018454810080954936,-0.06247139567682759,184,18,1.405760108628157,-0.06387715578545575
test,M5,2024-12,EW,-0.04495933333333333,-0.0050152222222222195,0.03994411111111111,184,18,1.1111111111111114,0.038833
test,M5,2024-12,VW,-0.04894698864778057,0.02775974510234839,0.07670673375012896,184,18,1.7796055579751435,0.07492712819215382
validation,M5,2022-02,EW,0.03536718181818182,0.054187181818181836,0.018820000000000017,221,22,1.999999999999999,0.01682000000000002
validation,M5,2022-02,VW,0.06563328129709316,0.06303123326930272,-0.0026020480277904323,221,22,2.0,-0.004602048027790432
validation,M5,2022-03,EW,-0.1377155,-0.060639500000000006,0.07707599999999998,221,22,0.9090909090909088,0.07616690909090906
validation,M5,2022-03,VW,-0.1320675257751729,-0.03647763348743041,0.09558989228774248,221,22,1.0278502842613042,0.09456204200348117
validation,M5,2022-04,EW,-0.08583317391304346,-0.038513565217391306,0.04731960869565215,234,23,2.4347826086956523,0.0448848260869565
validation,M5,2022-04,VW,-0.06365408809987927,-0.025472399398327728,0.038181688701551544,234,23,2.266108177895727,0.035915580523655816
validation,M5,2022-05,EW,0.10160252173913044,0.058000826086956524,-0.043601695652173915,234,23,1.3913043478260863,-0.044993
validation,M5,2022-05,VW,0.10603346813349192,0.04986020460183979,-0.056173263531652126,234,23,1.6371577168415392,-0.057810421248493664
validation,M5,2022-06,EW,0.1653480869565217,0.08117565217391307,-0.08417243478260863,234,23,1.3913043478260863,-0.08556373913043472
validation,M5,2022-06,VW,0.16131479045612845,0.051569610093964165,-0.1097451803621643,234,23,2.12608324737919,-0.11187126360954348
validation,M5,2022-07,EW,-0.12147649999999999,-0.05993036363636365,0.06154613636363634,222,22,2.08695652173913,0.059459179841897206
validation,M5,2022-07,VW,-0.11280207792343008,-0.0499133671699326,0.06288871075349747,222,22,2.556642578481261,0.06033206817501621
validation,M5,2022-08,EW,-0.041503318181818176,0.028826590909090902,0.07032990909090908,223,22,1.0909090909090906,0.069239
validation,M5,2022-08,VW,-0.037271945305207534,0.044272498274430985,0.08154444357963853,223,22,1.3020725853996296,0.08024237099423889
validation,M5,2022-09,EW,-0.13456513636363635,-0.03143618181818182,0.10312895454545452,223,22,0.9999999999999997,0.10212895454545452
validation,M5,2022-09,VW,-0.14096983952838224,-0.01747058167906622,0.12349925784931602,223,22,1.0219439893173754,0.12247731385999865
validation,M5,2022-10,EW,-0.03242986363636364,-0.01651418181818182,0.01591568181818182,223,22,1.909090909090908,0.01400659090909091
validation,M5,2022-10,VW,-0.03937683008893733,-0.01531381086335829,0.02406301922557904,223,22,2.040362481374655,0.022022656744204384
validation,M5,2022-11,EW,0.08117500000000001,0.13619945454545457,0.05502445454545456,223,22,0.9999999999999997,0.054024454545454556
validation,M5,2022-11,VW,0.05613979046668118,0.08920797768911158,0.0330681872224304,223,22,1.4120284431954195,0.03165615877923498
validation,M5,2022-12,EW,-0.0018704999999999998,0.0008815454545454512,0.002752045454545451,223,22,1.1818181818181814,0.0015702272727272696
validation,M5,2022-12,VW,-0.011469844721099857,-0.027541748015682935,-0.01607190329458308,223,22,1.1678585821314265,-0.017239761876714506
validation,M5,2023-01,EW,0.1370158,0.0521121,-0.0849037,206,20,1.9090909090909103,-0.08681279090909091
validation,M5,2023-01,VW,0.12464202249503668,0.05233581414310376,-0.07230620835193292,206,20,1.5038505317580455,-0.07381005888369097
validation,M5,2023-02,EW,-0.05101035000000001,0.0304694,0.08147975000000002,206,20,1.1000000000000003,0.08037975000000001
validation,M5,2023-02,VW,-0.059725304096427595,0.025624065516519884,0.08534936961294748,206,20,1.035545907864019,0.08431382370508346
validation,M5,2023-03,EW,-0.061427749999999996,-0.005265550000000002,0.056162199999999995,205,20,1.0000000000000002,0.055162199999999995
validation,M5,2023-03,VW,-0.03723085050080449,0.057804044553283584,0.09503489505408808,205,20,1.1993562707224654,0.0938355387833656
