period,weighting,title,left,right,gap,passed,mean,hac_t,months,posthoc_opponent
test,EW,2 > 1,M2,M1,0.008312057795824336,True,0.008312057795824335,0.9628073317633865,21,False
test,EW,4 > 3,M4,M3,0.016780619944522214,True,0.0167806199445222,1.1244188852503552,21,False
test,EW,5 > 其余四组,M5,M4,0.004069759601746058,True,0.00406975960174606,0.6624883349927705,21,True
test,VW,2 > 1,M2,M1,0.002763129201010428,True,0.0027631292010104292,0.2158871164447782,21,False
test,VW,4 > 3,M4,M3,0.028696306776256182,True,0.028696306776256172,1.8361468318608187,21,False
test,VW,5 > 其余四组,M5,M4,0.010181798678091589,True,0.010181798678091583,1.2727527302424495,21,True
validation,EW,2 > 1,M2,M1,0.010033957622811963,True,0.01003395762281197,1.6822396233908268,14,False
validation,EW,4 > 3,M4,M3,0.011949532128740819,True,0.01194953212874082,1.1680183201160224,14,False
validation,EW,5 > 其余四组,M5,M2,0.008936629136081314,True,0.008936629136081311,0.7694785522528365,14,True
validation,VW,2 > 1,M2,M1,0.014426183607179233,True,0.01442618360717923,1.3384083045512898,14,False
validation,VW,4 > 3,M4,M3,0.01779075915506745,True,0.017790759155067455,1.2608547057164126,14,False
validation,VW,5 > 其余四组,M5,M2,0.009737191582113294,True,0.009737191582113294,0.5494203063574898,14,True
